类型,书籍名称,作者,译者,豆瓣评分,出版社,出版日期,评价人数,价格,简介,isbn
类型,书籍名称,作者,译者,豆瓣评分,出版社,出版日期,评价人数,价格,简介,isbn
id,类型,书籍名称,作者,译者,豆瓣评分,出版社,出版日期,评价人数,价格,简介,isbn
10,互联网,史蒂夫·乔布斯传,[美] 沃尔特·艾萨克森, 管延圻、魏群、余倩、赵萌萌、汤崧 ,8.7, 中信出版社 , 2011,36393,68.00,这本乔布斯唯一授权的官方传记，在2011年上半年由美国出版商西蒙舒斯特对外发布出版消息以来，备受全球媒体和业界瞩目，这本书的全球出版日期最终确定为2011年... ,isbn9787508630069
11,互联网,从0到1,彼得·蒂尔、布莱克·马斯特斯, 高玉芳 ,7.6, 中信出版股份有限公司 , 2015,20969, 45.00,"图书简介：
http://v.youku.com/v_show/id_XOTA0NjcyMzE2.html?wm=3333_2001
硅谷创投教父、PayP... ",isbn9787508649719
12,互联网,黑客与画家,[美] Paul Graham, 阮一峰 ,8.8, 人民邮电出版社 , 2011,16404,49.00,本书是硅谷创业之父Paul Graham 的文集，主要介绍黑客即优秀程序员的爱好和动机，讨论黑客成长、黑客对世界的贡献以及编程语言和黑客工作方法等所有对计算... ,isbn9787115249494
13,互联网,增长黑客,Sean Ellis, 张溪梦 ,8.4, 中信出版集团股份有限公司 , 2017,1279, 59.00,"脸谱网如何从默默无闻到坐拥二十几亿用户？
爱彼迎、优步何以在短短时间估值超过百亿美元？
领英怎样跨步成为全球领先的职业社交平台?
这些初创公司实现爆发式成长... ",isbn9787508678535
14,互联网,失控,[美] 凯文·凯利, 东西文库 ,8.7, 新星出版社 , 2010,14034,88.00,"《失控》，全名为《失控：机器、社会与经济的新生物学》（Out of Control: The New Biology of Machines, Social... ",isbn9787513300711
15,互联网,大数据时代,[英] 维克托•迈尔•舍恩伯格（Viktor Mayer-Schönberger）, 周涛 ,7.5, 浙江人民出版社 , 2012,15185,49.90,《大数据时代》是国外大数据研究的先河之作，本书作者维克托•迈尔•舍恩伯格被誉为“大数据商业应用第一人”，拥有在哈佛大学、牛津大学、耶鲁大学和新加坡国立大学等... ,isbn9787213052545
16,互联网,启示录,[美] Marty Cagan, 七印部落 ,8.5, 华中科技大学出版社 , 2011,5815,36.00,为什么市场上那么多软件产品无人问津，成功的产品凤毛麟角？怎样发掘有价值的产品？拿什么说服开发团队接受你的产品设计？如何将敏捷方法融入产品开发？过去二十多年，... ,isbn9787560970189
17,互联网,上瘾,[美] 尼尔·埃亚尔、[美] 瑞安·胡佛, 钟莉婷、杨晓红 ,7.5, 中信出版集团 , 2017,1853,49.00,"——为什么我们会习惯性地点开某个App？
——这种使用习惯到底是如何养成的？
——为什么有些产品能让我们戒不掉，而其他的产品却不行？
——是否有什么秘诀能让... ",isbn9787508668314
18,互联网,重新定义公司,[美]埃里克·施密特, 靳婷婷、陈序、何晔 ,8.2, 中信出版社 , 2015,5422,49.00,"谷歌高管手绘风漫画视频：
http://v.youku.com/v_show/id_XMTMxMzQ3NjMyMA==.html?from=y1.7-1.2... ",isbn9787508653594
19,互联网,游戏改变世界,[美] 简•麦戈尼格尔（Jane McGonigal）, 闾佳 ,8.0, 浙江人民出版社 , 2012,3797,59.90,◆《游戏改变世界》是著名未来学家、TED大会新锐演讲者简•麦戈尼格尔探索互联时代重要趋势的最新力作。在书中，作者指出：游戏可以弥补现实世界的不足和缺陷，游戏... ,isbn9787213049422
id,类型,书籍名称,作者,译者,豆瓣评分,出版社,出版日期,评价人数,价格,简介,isbn
31,互联网,必然,[美] 凯文·凯利, 周峰、董理、金阳 ,8.4, 译言·东西文库／电子工业出版社 , 2016,4620,58.00,凯文·凯利对于经济和社会发展的趋势有着深刻的见解。20年前，他的《失控》一书，便已预见了当下几乎所有的互联网经济热点概念，如：物联网、云计算、虚拟现实、网络... ,isbn9787121274534
32,互联网,浅薄,[美]尼古拉斯·卡尔, 刘纯毅 ,8.0, 中信出版社 , 2015,334,49.00 ,互联网时代的飞速发展带来了各行各业效率的提升和生活的便利，但卡尔指出，当我们每天在翻看手机上的社交平台，阅读那些看似有趣和有深度的文章时，在我们尽情享受互联... ,isbn9787508655611
33,互联网,精益创业,[美] 埃里克·莱斯, 吴彤 ,8.4, 中信出版社 , 2012,4187,49.00,《精益创业:新创企业的成长思维》内容简介：我们正处在一个空前的全球创业兴盛时代，但无数创业公司都黯然收场，以失败告终。精益创业代表了一种不断形成创新的新方法... ,isbn9787508622019
34,互联网,精益数据分析,[加] 阿利斯泰尔·克罗尔、[加] 本杰明·尤科维奇, 韩知白、王鹤达 ,8.3, 人民邮电出版社 , 2014,748,79.00,本书展示了如何验证自己的设想、找到真正的客户、打造能赚钱的产品，以及提升企业知名度。30多个案例分析，全球100多位知名企业家的真知灼见，为你呈现来之不易、... ,isbn9787115374769
35,互联网,柠檬、拍卖和互联网算法,[美] 雷·菲斯曼、蒂姆·沙利文, 莫方 ,7.3, 后浪丨江西人民出版社 , 2019,26,42.00,"11位诺贝尔经济学奖得主的经济理论，7个主要概念
起底互联网经济的内核，澄清分享经济的隐形逻辑
◎ 编辑推荐
☆ 诺贝尔经济学奖得主乔治·阿克洛夫、埃里克·... ",isbn9787210109631
36,互联网,刷新,[美] 萨提亚·纳德拉, 陈召强、杨洋 ,7.5, 中信出版集团 , 2018,1175,58,"《刷新：重新发现商业与未来》是微软CEO萨提亚•纳德拉首部作品。
互联网时代的霸主微软，曾经错失了一系列的创新机会。但是在智能时代，这家科技公司上演了一次出... ",isbn9787508683898
37,互联网,创新者的窘境,克莱顿•克里斯坦森( Clayton M. Christensen ), 胡建桥 ,8.5, 中信出版社 , 2010,2240,38.00,"管理类经典图书
o 被《福布斯》评为20世纪最具影响的20本商业图书之一
o “全球商业书籍奖”获奖图书
“颠覆大师”克莱顿•克里斯坦森经典力作。
《金融时... ",isbn9787508618739
38,互联网,创业维艰,本·霍洛维茨 Ben Horowitz, 杨晓红、钟莉婷 ,8.4, 中信出版社 , 2015,6857,49,本·霍洛维茨，硅谷顶级投资人，与网景之父马克·安德森联手合作18年，有着丰富的创业和管理经验。2009年创立风险投资公司A16Z，被外媒誉为“硅谷最牛的50... ,isbn9787508646640
39,互联网,奈飞文化手册,[美] 帕蒂·麦考德, 范珂 ,8.1, 浙江教育出版社 , 2018,1866,69,一本对奈飞文化进行深入解读的力作。2009年，奈飞公开发布了一份介绍企业文化的PPT文件，在网上累计下载量超过1500万次，被Facebook的CFO谢丽尔... ,isbn9787553678054
40,互联网,数字化生存,（美）Nicholas Negroponte（尼古拉·尼葛洛庞帝）, 胡泳、范海燕 ,8.4, 电子工业出版社 , 2017,139,68.00,《数字化生存》描绘了数字科技为我们的生活、工作、教育和娱乐带来的各种冲击和其中值得深思的问题，是跨入数字化新世界的*指南。英文版曾高居《纽约时报》畅销书排行... ,isbn9787121307362
41,互联网,用户体验要素,Jesse James Garrett, 范晓燕 ,8.3, 机械工业出版社 , 2011,2535,39.00,《用户体验要素:以用户为中心的产品设计(原书第2版)》是AJAX之父Jesse James Garrett的经典之作。本书用简洁的语言系统化地诠释了设计、技... ,isbn9787111348665
id,类型,书籍名称,作者,译者,豆瓣评分,出版社,出版日期,评价人数,价格,简介,isbn
52,互联网,欲罢不能,[美] 亚当·奥尔特, 闾佳 ,7.4, 机械工业出版社 , 2018,666,59.00,"全面揭秘和解决“行为上瘾”的奠基之作
美国亚马逊分类图书畅销榜第一名
行为上瘾是什么？诱人上瘾的体验是如何设计出来的？
如何远离行为上瘾？如何用行为上瘾做些... ",isbn9787111587514
53,互联网,硅谷钢铁侠,[美] 阿什利·万斯, 周恒星 ,8.1, 中信出版集团 , 2016,5748,68.00,"◎全球首部埃隆•马斯克授权著作！了解埃隆•马斯克最全面、最真实、最经典读本
◎创业者必读。首次披露马斯克如何建立和运营PayPal、特斯拉、Space X、... ",isbn9787508660455
54,互联网,创新者,[美] 沃尔特·艾萨克森, 关嘉伟、牛小婧 ,8.6, 中信出版社 , 2017,410,88.00,《创新者》是沃尔特·艾萨克森继全球畅销书《史蒂夫·乔布斯传》之后的又一部力作，不仅讲述了计算机和互联网从无到有的发展历程，为我们 生动地刻画出数字时代的创新... ,isbn9787508671642
55,互联网,跨越鸿沟,[美] 杰弗里·摩尔(Geoffrey A. Moore), 赵娅 ,8.3, 机械工业出版社 , 2009,489,36.00,"在真正涉足高科技领域之前，你有必要读一读这本书——在这个节奏飞快、竞争激烈的技术竞技场上，这本书绝对能够帮助你更容易地获得成功。
——威廉姆·劳森 罗盛软件... ",isbn9787111246350
56,互联网,信息简史,[美] 詹姆斯·格雷克, 高博 ,8.7, 人民邮电出版社 , 2013,2164,69.00,人类与信息遭遇的历史由来已久。詹姆斯•格雷克笔下的这段历史出人意料地从非洲的鼓语讲起（第1章）。非洲土著部落在尚未直接跨越到移动电话之前，曾用鼓声来传递讯息... ,isbn9787115331809
57,互联网,疯传,乔纳·伯杰 (Jonah Berger), 刘生敏、廖建桥 ,7.3, 电子工业出版社 , 2014,1435, 48.00,《疯传:让你的产品、思想、行为像病毒一样入侵》内容简介：是什么让事物变得流行？从买轿车、买衣服、吃三明治，到给孩子取名字，你是否知道为什么某些产品会大卖，某... ,isbn9787121210204
58,互联网,Python编程,[美]埃里克·马瑟斯, 袁国忠 ,9.1, 人民邮电出版社 , 2016,1659, 89.00,本书是一本针对所有层次的Python 读者而作的Python 入门书。全书分两部分：第一部分介绍用Python 编程所必须了解的基本概念，包括matplot... ,isbn9787115428028
59,互联网,一网打尽,[美]布拉德·斯通, 李晶、李静 ,7.4, 中信出版社 , 2014,1634,49.00,亚马逊最早起步于通过邮购来经营图书业务。但贝佐斯却不满足于仅做一名书商，他希望缔造亚马逊万货商店的神话——能提供海量的货源，并以超低的价格提供最具吸引力的便... ,isbn9787508643120
60,互联网,引爆点,【加】马尔科姆•格拉德威尔（Malcolm Gladwell）, 钱清、覃爱冬 ,7.5, 中信出版社 , 2014,2318,36.00,《引爆点》是《纽约客》怪才格拉德威尔的一部才华横溢之作。他以社会上突如其来的流行潮为切入点，从全新角度探索了控制科学和营销模式。他认为，思想、行为、信息及产... ,isbn9787508635736
61,互联网,认知盈余,[美] 克莱·舍基, 胡泳、哈丽丝 ,7.1, 中国人民大学出版社 , 2011,2220,49.80,"“互联网革命最伟大的思考者”克莱•舍基 继《未来是湿的》之后最新力作
看自由时间如何变革世界的未来
如果说《未来是湿的》揭示的是“无组织的组织力量”，
那么... ",isbn9787300148120
id,类型,书籍名称,作者,译者,豆瓣评分,出版社,出版日期,评价人数,价格,简介,isbn
73,互联网,支付战争,埃里克•杰克逊, 徐彬、王晓、清华大学五道口金融学院未央研究  审译 ,8.1, 中信出版社 , 2015,1763,49.00,"这是一个野心勃勃的创业计划，在线支付鼻祖PayPal试图创造一个“统治世界”的金融操作系统，并在全球成功推广一款颠覆式的互联网产品。
《支付战争》的作者是“... ",isbn9787508646480
74,互联网,知识的边界,[美] 戴维·温伯格, 胡泳、高美 ,7.1, 山西人民出版社 , 2014,549,42.00,"大数据时代反思知识
因为事实不再是事实，专家随处可见
所有确定性都被连根拔起，话题再无边界，没有人对任何事情能达成一致。
在互联网的引领下，知识现在已经具有... ",isbn9787203088356
75,互联网,失控,[美] 凯文·凯利, 东西文库 ,8.9, 新星出版社 , 2011,1125,98.00,"2006年，《长尾理论》的作者克里斯·安德森在亚马逊网站上这样评价该书：
“这可能是90年代最重要的一本书”，并且是“少有的一年比一年卖得好的书”。“尽管书... ",isbn9787513301916
76,互联网,浅薄,[美] 尼古拉斯·卡尔, 刘纯毅 ,7.6, 中信出版社 , 2010,2344,42.00,《浅薄：互联网如何毒化了我们的大脑》在我们跟计算机越来越密不可分的过程中，我们越来越多的人生体验通过电脑屏幕上闪烁摇曳、虚无缥缈的符号完成，最大的危险就是我... ,isbn9787508624488
77,互联网,网络是怎样连接的,[日]户根勤, 周自恒 ,9.2, 人民邮电出版社 , 2017,585, 49.00,本书以探索之旅的形式，从在浏览器中输入网址开始，一路追踪了到显示出网页内容为止的整个过程，以图配文，讲解了网络的全貌，并重点介绍了实际的网络设备和软件是如何... ,isbn9787115441249
78,互联网,人人都在说谎,赛思·斯蒂芬斯--达维多维茨, 胡晓姣、张晨、左润男 ,7.4, 中信出版集团 , 2018,185,58,"有多少人买了书真正看完了？
你朋友的酒量有他说的那么大吗？
父母是否暗自喜欢男孩儿多于女孩儿？
电影里暴力镜头增多会导致犯罪率升高吗？
种族歧视在现如今的美... ",isbn9787508693873
79,互联网,长尾理论,[美] 克里斯·安德森, 乔江涛 ,7.7, 中信出版社 , 2006,11548,35.00,书中阐述，商业和文化的未来不在于传统需求曲线上那个代表“畅销商品”（hits）的头部； 而是那条代表“冷门商品”（misses）经常为人遗忘的长尾。 举例来... ,isbn9787508607245
80,互联网,世界是平的,[美] 托马斯·弗里德曼, 何帆、肖莹莹、郝正非 ,7.6, 湖南科学技术出版社 , 2006,13792,56.00,当学者们讨论世界这20年发展的历史，并把目光聚集在2000年到2004年3月这一段时间时，他们将说些什么？9·11恐怖袭击还是伊拉克战争？或者，他们将讨论：... ,isbn9787535746092
81,互联网,重来,[美] 贾森·弗里德、[丹] 戴维·海涅迈尔·汉森, 李瑜偲 ,8.3, 中信出版社 , 2010,6684,36.00,"大多数的企业管理的书籍都会告诉你：制定商业计划、分析竞争形势、寻找投资人等等。如果你要找的是那样的书，那么把这本书放回书架吧。
这本书呈现的是一种更好、更简... ",isbn9787508623610
82,互联网,简约至上,[英] Giles Colborne, 李松峰、秦绪文 ,8.4, 人民邮电出版社 , 2011,5270,35.00,追求简单易用是人类的本性，无论是互联网产品。还是移动应用。亦或其他交互式设计，简单易用始终都是赢得用户的关键。同时，简单易用的程度也与产品寿命的长短密切相关... ,isbn9787115243249
83,互联网,联盟,里德•霍夫曼、本•卡斯诺查、克里斯•叶, 路蒙佳 ,7.4, 中信出版社 , 2015,1677,39.00,"在充满变化的世界，联盟潜在的合伙人
将不确定的行业转变为可掌控的职业生涯
与世界紧密连接，开创精彩的事业与未来
终生效忠于一家公司已经成为历史，我们正在经历... ",isbn9787508649351
id,类型,书籍名称,作者,译者,豆瓣评分,出版社,出版日期,评价人数,价格,简介,isbn
94,互联网,用户思维+：好产品让用户为自己尖叫,[美] Kathy Sierra, 石航 ,8.5, 人民邮电出版社 , 2017,287,69.00,畅销产品与普通产品的本质区别是什么？若没有巨额预算、不爱营销噱头、不开奢华的产品发布会，如何打造可持续成功的产品？本书针对上述问题提出了新颖的观点：用户并不... ,isbn9787115457424
95,互联网,链接,[美]艾伯特-拉斯洛•巴拉巴西 (Albert-László Barabási), 沈华伟 ,8.4, 浙江人民出版社 , 2013,400,59.90,"[内容简介]
★《链接》是《爆发》的作者，艾伯特-拉斯洛•巴拉巴西的成名之作，同时也是复杂网络的奠基之作，社交网络的入门之作。巴拉巴西之前，随机网络理论一直... ",isbn9787213056550
96,互联网,点石成金,[美] 史蒂夫·克鲁克, De Dream' ,8.5, 机械工业出版社 , 2006,6322,39.00,可用性设计是Web设计中最重要也是最困难的一项任务。《点石成金》的作者根据自己多年从业的经验，剖析用户的心理，在用户使用的模式、为浏览进行设计、导航设计、主... ,isbn9787111184829
97,互联网,必然,凯文·凯利 (Kevin Kelly), 周峰、董理、金阳 ,8.5, 译言·东西文库／电子工业出版社 , 2016,1071,58,《必然》的作者凯文·凯利，被称为“硅谷精神之父”和“世界互联网教父”。前两部《失控》和《科技想要什么》在中国出版后，引起巨大反响。书中凯文·凯利对十二种必然... ,isbn9787121272394
98,互联网,惡血,[美] 约翰·凯瑞鲁, 林锦慧 ,8.3, 商業周刊 , 2018,242,430,"－－新創神話！？揭露3000億獨創醫療科技的超完美騙局－－
她被譽為女版賈伯斯、《富比世》全球最年輕的創業女富豪，
如何用「一滴血」顛覆血液檢測、翻轉醫療產... ",isbn9789867778383
99,互联网,重新定义团队：谷歌如何工作,拉兹洛·博克, 宋伟 ,8.3, 中信出版集团 , 2015,1337, 56.00,谷歌首席人才官拉斯洛•博克权威力作，谷歌公开认可的谷歌高层作品，首度揭秘谷歌颠覆工业时代模式的人才和团队管理的核心法则，《纽约时报》畅销榜第一名，Busin... ,isbn9787508654294
100,互联网,在群中,[德]韩炳哲（Byung-Chul Han）, 程巍 ,8.3, 中信出版集团 , 2019,61,35.00,"数字化信息交流和网络社交平台占领了我们的生活。
被数字化了的生命实际上导致了社群、公共空间的坍塌，也慢慢侵蚀了政治行动的可能，妨害了有意义的政治议程。
数字... ",isbn9787508696911
101,互联网,信息规则,[美] 卡尔・夏皮罗(Carl Shapiro)、[美] 哈尔・瓦里安(Hal Varian), 张帆 ,9.0, 中国人民大学出版社 , 2000,297,33.00,本书的目标是，运用网络经济中的经济学知识，从经济研究和作者自己的经验中提取出适合信息相关产业的经理们的知识。本书描述的思想、概念、模型和思考方法会帮助读者作... ,isbn9787300034935
102,互联网,注意力商人,吳修銘, 黃庭敏 ,8.7, 天下雜誌 , 2018,35,650,"電子郵件，免費！照片分享，無上限！
你是否想過，隨手可得的免費內容、便利的免費服務，到底都是誰在付費？
如果商品免費，那你就不是消費者，而是商品！
你我可能... ",isbn9789863983293
103,互联网,新经济，新规则,[美]Kevin Kelly, 刘仲涛 ,8.5, 译言·东西文库／电子工业出版社 , 2014,962, 45.00,近年来，互联网持续震动着全世界各个行业以至于整个经济规则……在中国，以小米为代表的各类“互联网思维”轰轰烈烈地颠覆着各个行业……而这一切的一切，凯文凯利早就... ,isbn9787121233180
id,类型,书籍名称,作者,译者,豆瓣评分,出版社,出版日期,评价人数,价格,简介,isbn
113,互联网,未来是湿的,[美] 克莱·舍基, 胡泳、沈满琳 ,7.5, 中国人民大学出版社 , 2009,2532,39.80,一位妇女丢掉了手机，但征召了一群志愿者将其从盗窃者手中夺回。一个旅客在乘坐飞机时领受恶劣服务，她通过自己的博客发动了一场全民运动。在伦敦地铁爆炸案和印度洋海... ,isbn9787300105390
114,互联网,爆裂,[美] 伊藤穰一、[美] 杰夫·豪, 张培、吴建英、周卓斌 ,6.5, 中信出版集团 , 2017,1466,65.00,越是在发生重大改变的时刻，越是会出现两极分化，赢家、输家有时只在一念间。未来已经装上了全新的操作系统。这是一个重大升级，对我们而言，随之而来的则是陡峭的学习... ,isbn9787508680231
115,互联网,Facebook效应,[美] 大卫·柯克帕特里克, 沈路、梁军、崔筝 ,7.9, 华文出版社 , 2010,4758,49.80,本书作者近距离地采访了与Facebook相关的人士，其中包括Facebook的创始人、员工、投资人、意向投资人以及合作伙伴，加起来超过了130人。这是真切详... ,isbn9787507532807
116,互联网,暗网,杰米·巴特利特, 刘丹丹 ,6.3, 北京时代华文书局 , 2018,826,59.00,"全面深入揭秘“黑暗版淘宝”暗网的幕后世界和操纵者
现实中所有的罪恶，在暗网中，都是明码标价的商品。
暗杀、色情、恋童癖、比特币犯罪、毒品交易……
TED演讲... ",isbn9787569923308
117,互联网,免费,[美] 克里斯·安德森, 蒋旭峰、冯斌、璩静 ,7.5, 中信出版社 , 2009,3531,39.00,在《免费:商业的未来 》这本书，克里斯·安德森认为，新型的“免费”并不是一种左口袋出、右口袋进的营销策略，而是一种把货物和服务的成本压低到零的新型卓越能力。... ,isbn9787508616384
118,互联网,爱彼迎传,[美]利·加拉格尔, 唐昉、林宇星 ,, 中信出版集团 , 2019,16,69,"爱彼迎官方授权作品，独家深入对话爱彼迎创始人，大量高管参与创作
爱彼迎成就300亿美元估值，狂揽5亿狂热用户，颠覆整个市场的7大产品原则
沃伦·巴菲特、杰夫... ",isbn9787508692159
119,互联网,从莎草纸到互联网：社交媒体2000年,[英]汤姆·斯丹迪奇, 林华 ,7.7, 中信出版社 , 2015,342,58.00,"【内容简介】
社交媒体其实并不是什么新鲜的东西。从西塞罗和其他古罗马政治家用来交换信息的莎草纸信，到宗教改革、美国革命、法国大革命期间印制的宣传小册子，过去... ",isbn9787508646121
120,互联网,图解HTTP,【日】上野宣, 于均良 ,8.1, 人民邮电出版社 , 2014,1932,49.00,本书对互联网基盘——HTTP协议进行了全面系统的介绍。作者由HTTP协议的发展历史娓娓道来，严谨细致地剖析了HTTP协议的结构，列举诸多常见通信场景及实战案... ,isbn9787115351531
121,互联网,信息时代三部曲：经济、社会与文化,[美] 曼纽尔·卡斯特(Manuel Castells), 夏铸九、王志弘 ,8.2, 社会科学文献出版社 , 2003 ,372,33.00,《信息时代三部曲：经济、社会与文化》包括《网络社会的崛起》《认同的力量》《千年终结》，由英国Blackwell Publishers Ltd. 授权出版，据... ,isbn9787801495327
id,类型,书籍名称,作者,译者,豆瓣评分,出版社,出版日期,评价人数,价格,简介,isbn
132,互联网,平台革命：改变世界的商业模式,[美]杰奥夫雷G.帕克（Geoffrey G. Parker）、马歇尔W.范·埃尔斯泰恩（Marshall W. Van Alstyne）、桑基特·保罗·邱达利（Sangeet Paul Choudary）, 志鹏 ,7.5, 机械工业出版社 , 2017,122,65.00,从数字货币及智能合约技术层面，解读了区块链技术在金融领域的运用。“如果你正在寻找一本在技术层面解释比特币是如何运作的，并且你有一定计算机科学和编程的基本知识... ,isbn9787111579069
133,互联网,区块链技术驱动金融,阿尔文德·纳拉亚南、约什·贝努、爱德华·费尔顿、安德鲁·米勒、史蒂文·戈德费德, 林华、王勇 ,8.3," 中信出版社,中信出版集团 ", 2016,655, 79.00,"你只知道阿里巴巴故事的中国部分，而这本书会完整呈现故事的全部。
波特•埃里斯曼是阿里巴巴创业时期为数不多的外国高管。他于2000~2008年在阿里巴巴担任副... ",isbn9787508665849
134,互联网,阿里传,波特·埃里斯曼, 张光磊、吕靖纬、崔玉开 ,7.0, 中信出版社 , 2015,585, 49.00,"是什么让事物变得流行？
从买轿车、买衣服、吃三明治，到给孩子取名字，你是否知道为什么某些产品会大卖，某些故事被人们口口相传，某些电子邮件更易被转发，或者某些... ",isbn9787508654454
135,互联网,密码朋克,[澳] 朱利安·阿桑奇, Gavroche ,7.6, 中信出版社 , 2017,117,42.00,本书是一本讲解如何治愈未来的书，提出了治愈未来的五大工具。作者用理性的语言绘制了一幅地图，帮助我们在网络社会这片陌生土地上行路。为了画出这幅地图，作者行了几... ,isbn9787508676241
136,互联网,疯传：让你的产品、思想、行为像病毒一样入侵（全新修订版）,[美] 乔纳•伯杰（Jonah Berger）, 乔迪、王晋 ,7.9, 电子工业出版社 , 2016,354,68.00,本书专为非技术背景的互联网行业从业者和想了解互联网技术的人员量身定制，分门别类地整理了Web前端技术、客户端技术、开发技术、网络技术等章节，基本涵盖了当前互... ,isbn9787121275982
137,互联网,治愈未来：数字困境的全球解决方案,[美] 安德鲁·基恩, 林玮、李国娇 ,9.4, 新星出版社 , 2019,144,58.00,《失控：全人类的最终命运和结局》（全新修订本）是一部思考人类社会（或更一般意义上的复杂系统）进化的“大部头”著作，对于那些不惧于“头脑体操”的读者来说，必然... ,isbn9787513334198
138,互联网,失控,[美]凯文·凯利（Kevin Kelly）, 张行舟 等 ,8.4, 译言·东西文库／电子工业出版社 , 2016,591,89.00,1998年，刘强东创业，在中关村经销光磁产品。2004年，因为非典，京东偶然之下转向线上销售。2014年，京东市值已超400亿美元，跻身全球前十大互联网公司... ,isbn9787121272295
139,互联网,用户体验的要素,Jesse James Garrett, 范晓燕 ,8.2, 机械工业出版社 , 2007年10月 ,4008,25.00,《四步创业法》获李开复推荐，是精益创业理论的奠基之作。作者Steven Gary Blank博士是硅谷资深企业家，他一共创办了八家企业，并担任多家硅谷公司的... ,isbn9787111223108
140,互联网,指数型组织,萨利姆•伊斯梅尔 (Salim Ismail)、迈克尔•马隆 (Michael S. Malone)、尤里•范吉斯特 (Yuri van Geest), 苏健 ,7.6, 浙江人民出版社 , 2015,391, 69.90,在《科技想要什么》一书中，凯文•凯利向我们介绍了一种全新的科技观。他认为，作为整体，科技不是由线路和金属构成的一团乱麻，而是有生命力的自然形成的系统，它的起... ,isbn9787213069215
141,互联网,四步创业法,[美] Steven Gary Blank, 七印部落 ,8.7, 华中科技大学出版社 , 2012,856,48.00,全书介绍网络经济的十个新游戏规则，分别是：蜜蜂比狮子重要；级数比加法重要；普及比稀有重要；免费比利润重要；网络比公司重要；造山比登山重要；空间比场所重要；流... ,isbn9787560982489
id,类型,书籍名称,作者,译者,豆瓣评分,出版社,出版日期,评价人数,价格,简介,isbn
153,互联网,这就是OKR,【美】约翰·杜尔（John  Doerr）, 曹仰锋、王永贵 ,7.7, 中信出版社 , 2018,543,68.00,"这本书是传奇风险投资人约翰·杜尔的作品，揭示了OKR这一目标设定系统如何促使英特尔、谷歌等科技巨头实现爆炸性增长，以及怎样促进所有组织的蓬勃发展。
20世纪... ",isbn9787508696881
154,互联网,信息乌托邦,桑斯坦, 毕竞悦 ,7.7, 法律出版社 , 2008,323,28.50,我们被无限的媒体网从四面包围，如何能够确保最准确的信息脱颖而出、并且引起注意？在本书中，凯斯•R. 桑斯坦对于积蓄信息和运用知识改善我们生活的人类潜能，展示... ,isbn9787503687631
155,互联网,数字乌托邦,[美]弗雷德·特纳, 张行舟、王芳、叶富华、余倩 ,7.7, 译言·东西文库／电子工业出版社 , 2013,231,49.80,20世纪60年代早期，在美国大众眼中，计算机只是冷战中冰冷的机器，然而到了90年代互联网到来之时，计算机却呈现出一个截然不同的世界——它们模拟出了一个数字乌... ,isbn9787121196638
156,互联网,HTTP权威指南,David Gourley、Brian Totty, 陈涓、赵振平 ,8.6, 人民邮电出版社 , 2012,1392,109.00,超文本转移协议（Hypertext Transfer Protocol，HTTP）是在万维网上进行通信时所使用的协议方案。HTTP有很多应用，但最著名的是用... ,isbn9787115281487
157,互联网,设计冲刺,[美] 杰克·纳普、[美] 约翰·泽拉茨基、[美] 布拉登·科维茨, 魏瑞莉、涂岩珺 ,8.2, 浙江大学出版社 , 2016,449,58.00,"Uber / Nest Lab / Medium / Gmail / Chrome
成功助推无数现象级产品的谷歌风投团队（Google Ventures）首... ",isbn9787308159890
158,互联网,痛点,马丁·林斯特龙, 陈亚萍 ,7.4, 中信出版集团股份有限公司 , 2017,415, 49.00,互联网经济迅猛发展，大数据成为分析用户需求的一种惯性路径。世界首席品牌营销专家林斯特龙则指出，大数据连接了千百万的数据点，可以准确地产生相互关系。但是，当人... ,isbn9787508667690
159,互联网,数字化生存,尼葛洛庞帝, 胡泳 等 ,7.8, 海南出版社 , 1997,978,16.80,《数字化生存》可以说是二十世纪信息技术及理念发展的圣经，此书的流行和传播对上个世纪信息时代的启蒙、发展产生了深远的影响，本书深入浅出地讲解了信息技术的基本概... ,isbn9787806176436
160,互联网,点石成金,[美] 克鲁格 (Steve Krug), 蒋芳 ,8.3, 机械工业出版社 , 2015,578, 59.00,《点石成金：访客至上的Web和移动可用性设计秘笈（原书第3版）》是一本关于Web设计原则而不是Web设计技术的书。《点石成金：访客至上的Web和移动可用性设... ,isbn9787111481546
161,互联网,精益创业实战,Ash Maurya, 张玳 ,8.8, 图灵文化发展有限公司 , 2013,666,39.00,《精益创业实战(第2版)》融合了精益创业法、客户开发、商业模式画布和敏捷／持续集成的精华，讲解精益创业实战法。作者以自己的创业项目为主线，结合大量真实案例，... ,isbn9787115305404
162,互联网,零边际成本社会,[美]杰里米·里夫金, 赛迪研究院专家组 ,7.5, 中信出版社 , 2014,648,49.00,在这本书中，《第三次工业革命》作者杰里米•里夫金开创性地探讨了极致生产力、协同共享、产消者、生物圈生活方式等全新的概念，详细地描述了数以百万计的人生产和生活... ,isbn9787508647753
163,互联网,黑客与画家,[美] Paul Graham, 阮一峰 ,8.9, 人民邮电出版社 , 2013,565,69.00,本书是硅谷创业之父Paul Graham 的文集，主要介绍黑客即优秀程序员的爱好和动机，讨论黑客成长、黑客对世界的贡献以及编程语言和黑客工作方法等所有对计算... ,isbn9787115326560
id,类型,书籍名称,作者,译者,豆瓣评分,出版社,出版日期,评价人数,价格,简介,isbn
176,互联网,About,[美] 艾伦·库伯、[美] 罗伯特·莱曼、[美] 戴维·克罗宁、[美] 克里斯托弗·诺埃塞尔, 倪卫国、刘松涛、杭敏、薛菲 ,8.6, 电子工出版社 , 2015,540,118.00,《About Face 4: 交互设计精髓》是《About Face 3：交互设计精髓》的升级版，此次升级把全书的结构重组优化，更加精练和易用；更新了一些适... ,isbn9787121266133
177,互联网,第三次浪潮,托夫勒, 黄明坚 ,8.4, 中信出版社 , 2006,712,38.00,《第三次浪潮》作者托夫勒在20多年前预见的未来是：跨国企业将盛行；电脑发明使SOHO（在家工作）成为可能；人们将摆脱朝九晚五工作的桎梏；核心家庭的瓦解；DI... ,isbn9787508606347
178,互联网,硅谷百年史,[美]阿伦·拉奥(Arun Rao)、[美]皮埃罗·斯加鲁菲(Piero Scarruffi), 闫景立、侯爱华 ,7.9, 人民邮电出版社 , 2014,403,99.00,一百多年来，仅硅谷就培育了50多位诺贝尔奖获得者，以及无数依靠智慧和知识而成为百万富翁的人。这一人类历史上最伟大的科技创新与创业历程为什么会发生在硅谷？究竟... ,isbn9787115345318
179,互联网,创新者的处方,[美]克莱顿·克里斯坦森、杰罗姆·格罗斯曼、黄捷升, 朱恒鹏、张琦 ,8.9, 中国人民大学出版社 , 2015,171,89.90,"[内容简介]
●  创新大师克里斯坦森采用了哈佛商学院在20年研究中总结而出的、在各行业实践中获得成功的管理创新经验，把颠覆式创新理念引入美国医疗行业研究。... ",isbn9787300218212
180,互联网,长尾理论,[美]克里斯•安德森 (Chris Anderson), 乔江涛、石晓燕 ,8.0, 中信出版社 , 2012 ,1197,68.00,"网络经济正如火如荼地发展着，长尾理论无疑成为当代商务人士最为关注的焦点之一。不论是关于长尾理论的溢美还是论战，都代表了其备受关注的程度。
《长尾理论》是克里... ",isbn9787508634418
181,互联网,OKR工作法,克里斯蒂娜•沃特克 (Christina Wodtke), 明道团队 ,7.6, 中信出版社 , 2017,1794, 42.00,"《OKR工作法》讲述了一种风靡硅谷科技企业的全新工作模式。
如何激励不同的团队一起工作，全力以赴去实现一个有挑战性的目标？
硅谷的两个年轻人汉娜和杰克，像很... ",isbn9787508679099
182,互联网,让创意更有黏性,[美] 奇普·希思、[美] 丹·希思, 姜奕晖 ,8.2, 中信出版社 , 2014,832,49.00,你或许相信在太空中唯一能看到的人工建筑就是万里长城，可乐能腐蚀人体骨骼，我们的大脑使用了10%；与此同时，你却记不得上周例会上领导的安排，昨天看过的那本书里... ,isbn9787508642796
183,互联网,精通Web,[美]Avinash Kaushik, 郑海平、邓天卓 ,8.5, 清华大学出版社 , 2011,331,48.00,向数据驱动型决策转变以及如何利用网站数据来获得竞争优势    在过去几年中，互联网、在线营销以及广告经历了巨大的变革，然而大家处理数据的方式跟几十年前相比还... ,isbn9787302250814
184,互联网,三双鞋,[美] 谢家华, [美] 谢传刚 ,8.3, 中华工商联合出版社 , 2011,2506,32.90,本书是“美捷步”（Zappos）首席执行官谢家华创造奇迹的心路历程与商业哲学的精华萃取，分享了他在商场与生活中得到的宝贵经验与教训。从儿时创办蚯蚓养殖场到大... ,isbn9787802495548
185,互联网,网络共和国,[美] 凯斯·桑斯坦, 黄维明 ,7.7, 上海人民出版社 , 2003,403,15.00,本书主要讨论网络中的民主问题。网络技术已经深刻地影响了我们的生活，我们随时可以获得我们需要的信息，我们也随时可以与别人联系，那么网络技术是不是就是民主的福音... ,isbn9787208046184
186,互联网,群体性孤独,[美] 雪莉·特克尔, 周逵、刘菁荆 ,7.0, 浙江人民出版社 , 2014,680, 66.90,"[内容简介]
☆ 你是否也熟悉这样的场景：家人在一起，不是交心，而是各自看电脑和手机；朋友聚会，不是叙旧，而是拼命刷新微博、微信；课堂上，老师在讲，学生在网... ",isbn9787213059841
187,互联网,维多利亚时代的互联网,[英] 汤姆·斯丹迪奇, 多绥婷 ,7.8, 后浪丨江西人民出版社 , 2017,215,38.00,"人类历史上的第一次大连接
回顾互联网的前世
预言互联网的未来
………………
※编辑推荐※
☆《财富》杂志推荐的75本商务人士必读书之一
☆ 回顾互联网的前世... ",isbn9787210093688
id,类型,书籍名称,作者,译者,豆瓣评分,出版社,出版日期,评价人数,价格,简介,isbn
196,互联网,网络、群体与市场,大卫·伊斯利(David Esley)、乔恩·克莱因伯格(Jon Kleinberg), 李晓明、王卫红、杨韫利 ,8.7, 清华大学出版社 , 2011,246, 69.00,过去十年来，现代社会中复杂的连通性向公众展现出与日俱增的魅力。这种连通性在许多方面都有体现并发挥着强大的作用，包括互联网的快速成长、全球通信的便捷，以及新闻... ,isbn9787302264170
197,互联网,终极算法,[美] 佩德罗·多明戈斯, 黄芳萍 ,7.1, 中信出版集团 , 2017,633,68.00,"算法已在多大程度上影响我们的生活？
购物网站用算法来为你推荐商品，点评网站用算法来帮你选择餐馆，GPS系统用算法来帮你选择最佳路线，公司用算法来选择求职者…... ",isbn9787508668673
198,互联网,人类思维如何与互联网共同进化,[美] 约翰·布罗克曼, 付晓光 ,7.8, 浙江人民出版社 , 2017,57,79.90,"➢人类是否因互联网的诞生进入了公平竞争的场域？
“黑天鹅事件”频频发生，我们的预测能力是否正在退化？
智人的第四阶段有哪些特征？
全球脑会使人类成为“超级英... ",isbn9787213079214
199,互联网,Web信息架构(第3版),Peter Morville、Louis Rosenfeld, 陈建勋 ,8.2, 电子工业出版社 , 2008年8月 ,851,85.00,本书涵盖了信息架构基本原理和实践应用的方方面面。全书共7个部分，包括信息架构概述、信息架构的基本原理、信息架构的开发流程和方法论、信息架构实践、信息架构与组... ,isbn9787121070372
200,互联网,奇点临近,Ray Kurzweil, 董振华、李庆成 ,7.7, 机械工业出版社 , 2011,1388,69.00,人工智能作为21世纪科技发展的最新成就，深刻揭示了科技发展为人类社会带来的巨大影响。本书结合求解智能问题的数据结构以及实现的算法，把人工智能的应用程序应用于... ,isbn9787111358893
201,互联网,架构即未来：现代企业可扩展的Web架构、流程和组织(原书第2版),Martin L. Abbott、Michael T. Fisher, 陈斌 ,8.3, 机械工业出版社 , 2016,156,99.00,任何一个持续成长的公司最终都需要解决系统、组织和流程的扩展性问题。本书汇聚了作者从eBay、VISA、Salesforce.com到Apple超过30年的丰... ,isbn9787111532644
202,互联网,用数据讲故事,[美] Cole Nussbaumer Knaflic, 陆　昊、吴梦颖 ,8.4, 人民邮电出版社 , 2017,236,59.00,本书通过大量案例研究介绍数据可视化的基础知识，以及如何利用数据创造出吸引人的、信息量大的、有说服力的故事，进而达到有效沟通的目的。具体内容包括：如何充分理解... ,isbn9787115460110
203,互联网,热点,【美】马克•舍费尔（Mark Shaefer）, 曲秋晨 ,7.4, 中国人民大学出版社 , 2017,160,49.00,"你是不是常常困惑：
我创作内容，利用社交媒体，并紧跟每一次数字营销的创新和新平台的运作，可为什么我的业务和影响力没有明显起色？
2015年至2020年间，网... ",isbn9787300236018
id,类型,书籍名称,作者,译者,豆瓣评分,出版社,出版日期,评价人数,价格,简介,isbn
212,互联网,YC创业营:,兰德尔·斯特罗斯 (Randall Stross), 苏健 ,7.6, 浙江人民出版社 , 2014,271, 52.90,在互联网创业成本日益降低、融资却越来越难的今天，硅谷的Y Combinator因何成为全世界创业者趋之若鹜的创业圣地？为什么25岁左右的青年最适合创业？创业... ,isbn9787213061585
213,互联网,About,Alan Cooper、Robert Reimann、David Cronin, 刘松涛 ,8.6, 电子工业出版社 , 2008,1282,72.00,本书是一本数字产品和系统的交互设计指南，全面系统地讲述了交互设计过程、原理和方法，涉及的产品和系统有个人电脑上的个人和商务软件、Web应用、手持设备、信息亭... ,isbn9787121070174
214,互联网,锦绣蓝图,[美] 沃德科 (Christina Wodtke)、[美] 戈夫拉 (Austin Govella), 蔡芳 ,8.0, 人民邮电出版社 , 2009,1018,59.00,Web 2.0和社会化大趋势下，你的网站发展喜人，但是问题也接踵而来：信息变得越来越庞杂无序，业务流程愈加复杂，搜索和导航越来越难，用户对使用体验的要求也越... ,isbn9787115213631
215,互联网,屏幕上的聪明决策,Shlomo Benartzi、Jonah Lehrer, 石磊 ,7.5, 北京联合出版公司 , 2017,213,56.90,"	为什么在手机上购物的人，常常高估商品的价值？
	为什么利用网络订餐，人们更容易选择热量高的食物？
	为什么网站上明明提供了所有选项，人们却还是选不到... ",isbn9787550288799
216,互联网,算法的陷阱,阿里尔•扎拉奇 (Ariel Ezrachi)、莫里斯•E. 斯图克 (Maurice E. Stucke), 余潇 ,7.5, 中信出版社 , 2018,81, 69.00,互联网的存在令追求物美价廉的消费者与来自世界各地的商品只有轻点几下鼠标的距离。这诚然是一个伟大的科技进步，但却也是一个发人深思的商业现象。本书中，作者扎拉奇... ,isbn9787508687520
217,互联网,因计算机而强大,[美]西摩 佩珀特 Seymour Papert, 梁栋 ,8.3, 新星出版社 , 2019,139,38,"本书有两个中心主题——
孩子可以轻松自如地学习使用计算机；
学习使用计算机能够改变他们学习其他知识的方式。 （前苹果公司总裁 约翰·斯卡利）
最有可能带来文... ",isbn9787513332279
218,互联网,翻转课堂的可汗学院,萨尔曼·可汗（Salman Khan）, 刘婧 ,6.7, 浙江人民出版社 , 2014,828,49.00,MIT和哈佛毕业的高材生缘何放弃金融分析师工作投身教育事业？YouTube上的“可汗学院频道”至今共吸引了163.3万订阅者，观看次数超过3.55亿次，它为... ,isbn9787213060489
219,互联网,技术的本质,布莱恩•阿瑟（Brian Arthur）, 曹东溟、王健 ,7.1, 浙江人民出版社 , 2014,707,62.90,★《技术的本质》是复杂性科学奠基人、首屈一指的技术思想家、“熊彼特奖”得主布莱恩•阿瑟所创建的一套关于技术产生和进化的系统性理论，本书是打开“技术黑箱”的钥... ,isbn9787213059988
id,类型,书籍名称,作者,译者,豆瓣评分,出版社,出版日期,评价人数,价格,简介,isbn
232,互联网,互联网的误读,詹姆斯•柯兰（James Curran）、娜塔莉•芬顿（Natalie Fenton）、德  斯•弗里德曼（Des Freedman）, 何道宽 ,7.7, 中国人民大学出版社 , 2014,200,45.00,互联网的发展蔚为壮观。如今，全球的互联网用户达到20亿之众，约占世界人口的30%。这无疑是一个新的现象，对于当代各国的经济、政治和社会生活意义重大。有关互联... ,isbn9787300188621
233,互联网,商业模式新生代,亚历山大•奥斯特瓦德 (Alexander Osterwalder)、伊夫•皮尼厄 (Yves Pigneur), 王帅、毛心宇、严威 ,8.4, 机械工业出版社 , 2011,2182,88.00,"中文官网：http://www.bizmodel.org
内容简介：当你愉快的看完第一章：商业模式画布，赫然发现这些构成要素全 都交织成一幅清晰的图像在脑海... ",isbn9787111352211
234,互联网,硅谷革命,Andy Hertzfeld, 薛命灯 ,8.5, 电子工业出版社 , 2017,137,89,本书介绍了社交媒体（so media）的社会性是什么？社交媒体平台如脸书（Facebook，）、谷歌（Google）、YouTube视频（YouTube）、... ,isbn9787121323805
235,互联网,社交媒体批判导言,克里斯蒂安·福克斯, 赵文丹 ,8.2, 中国传媒大学出版社 , 2018,23,79,公布官员财产美国是怎么做的，美国能让少部人腐败起来吗，美国式上访是怎么回事，凭什么美国矿难那么少，全民医改美国做得到吗，美国总统大选有什么利器才能赢，下一轮... ,isbn9787565720031
236,互联网,赢在用户,[美]Steve Mulder、[美]Zivv Yarr, 范晓燕 ,8.0, 机械工业出版社 , 2007,1137,29.00,1.硅谷创投教父、PayPal创始人彼得•蒂尔、LinkedIn创始人里德•霍夫曼、创业导师本•霍洛维茨、“PayPal黑帮”初创成员埃里克•杰克逊联合作品... ,isbn9787111218883
237,互联网,奇点系列,彼得•蒂尔、里德•霍夫曼、本•霍洛维茨、埃里克•杰克逊等, 高玉芳、路蒙佳、杨晓红、徐彬等 ,7.8, 中信出版社 , 2015,59,182.00,全球商业领域中，许多企业曾叱咤风云，但面对市场变化及新技术的挑战，最终惨遭淘汰。究其原因，竟然是因为它们精于管理，信奉客户至上等传统商业观念。这就是所有企业... ,isbn9787508651972
238,互联网,创新者的窘境(全新修订版),克莱顿•克里斯坦森, 胡建桥 ,8.5, 中信出版社 , 2014,911,48.00,《信息论基础》(原书第2版)是信息论领域中一本简明易懂的教材。主要内容包括：熵、信源、信道容量、率失真、数据压缩与编码理论和复杂度理论等方面的介绍。《信息论... ,isbn9787508642802
239,互联网,信息论基础,[美]ThomasM.Cove, 阮吉寿、张华 ,9.1, 机械工业出版社 , 2008,116,58.00,"【《文明之光》系列荣获由中宣部、中国图书评论学会和中央电视台联合推选的2014“中国好书”奖】
吴军博士从对人类文明产生了重大影响却在过去被忽略的历史故事里... ",isbn9787111220404
240,互联网,链接,[美] 巴拉巴西, 徐彬 ,8.6, 湖南科技出版社 , 2007,521,28.00,《平台战略:正在席卷全球的商业模式革命》内容简介：平台商业模式的精髓，在于打造一个完善的、成长潜能强大的“生态圈”。它拥有独树一帜的精密规范和机制系统，能有... ,isbn9787535748584
241,互联网,赛博空间的奥德赛,(荷兰)约斯·德·穆尔 (Jos de Mul), 麦永雄 ,8.0, 广西师范大学出版社 , 2007,162,38.00,"Getting Real details the business, design, programming, and marketing principl... ",isbn9787563364541
242,互联网,让大象飞,[美] 史蒂文·霍夫曼, 周海云、陈耿宣 ,7.8, 中信出版社 , 2017,445,69.00,本书延续了卡斯特的宏大叙事线索，记述了传播过程对于树立和维护各种政治、经济、文化权力的重要性。在传播这个链条上，政治、市场以及公民社会力量正在进行跨越时空的... ,isbn9787508672250
243,互联网,传播力,[美]曼纽尔•卡斯特, 汤景泰、星辰 ,8.5, 社会科学文献出版社 , 2018,14,168,"“双 11”，诞生于杭州，成长于阿里，风行于互联网，成就于新经济，贡献于全世界。
从 2009 年淘宝商城起，双 11 已历经八年。每年的双 11 既是当年... ",isbn9787520120326
id,类型,书籍名称,作者,译者,豆瓣评分,出版社,出版日期,评价人数,价格,简介,isbn
253,互联网,绝对价值,[美] 伊塔马尔·西蒙森  艾曼纽·罗森, 钱峰 ,7.4, 中国友谊出版公司 , 2014,60,45.00,"绝对价值指的是经用户体验的产品质量，即使用某件产品或者享受某项服务的切实感受。
过去，消费就像是押宝。一件商品好不好，一家餐馆的环境如何，没有亲身体验过消费... ",isbn9787505734050
254,互联网,数据资本时代,Viktor Mayer-Schnberger, 李晓霞、周涛 ,7.9, 中信出版集团股份有限公司 , 2018,91, 58.00,"【编辑推荐】
大数据除了能对我们的生活、工作、思维产生重大变革外，还能够做什么？畅销书《大数据时代》作者舍恩伯格在新书《数据资本时代》中，展示了大数据将如何... ",isbn9787508694313
255,互联网,深入浅出数据分析,Michael Milton, 李芳 ,7.5, 电子工业出版社 , 2009 ,1535,88.00,《深入浅出数据分析》以类似“章回小说”的活泼形式，生动地向读者展现优秀的数据分析人员应知应会的技术：数据分析基本步骤、实验方法、最优化方法、假设检验方法、贝... ,isbn9787121116933
256,互联网,图解物联网,［ 日］ NTT DATA集团、河村雅人、大塚纮史、小林佑辅、小山武士、宫崎智也、石黑佑树、小岛康平, 丁　灵 ,8.3, 人民邮电出版社 , 2017,93,59.00,本书图例丰富，从设备、传感器及传输协议等构成IoT的技术要素讲起，逐步深入讲解如何灵活运用IoT。内容包括用于实现IoT的架构、传感器的种类及能从传感器获取... ,isbn9787115451699
257,互联网,自流量生活,斯科特·福克斯（Scott Fox）, 王晶晶 ,6.6, 中信出版社 , 2018,56,59,一位远嫁他国的平凡女孩，陌生的环境、陌生的语言……她不得不从头学起。有写作爱好的她在网络上记录着她学习生活中的小故事。神奇的是，越来越多的人联系她，有人要付... ,isbn9787508691534
258,互联网,创业的艺术2.0,〔美〕盖伊·川崎, 刘悦、段歆玥 ,8.1, 译言·东西文库／电子工业出版社 , 2016,55,68,“创业者导师”——盖伊•川崎的《创业的艺术2.0》被阿丽亚娜•赫芬顿评为“终极的创业手册”。无论您是企业家、小企业主、企业开拓者还是非盈利组织的领导人，都可... ,isbn9787121297588
259,互联网,谷歌和亚马逊如何做产品,梅 (Chris Vander Mey), 刘亦舟 ,7.8, 人民邮电出版社 , 2014,375, 49.00,软件在交付之前，面临产品、方案、项目和工程管理等诸多挑战，如何做到游刃有余并打造出极致产品？本书作者曾任谷歌和亚马逊高级产品经理、现任Facebook产品经... ,isbn9787115349316
260,互联网,微创新,德鲁•博迪、雅各布•戈登堡, 钟莉婷 ,8.0, 中信出版社 , 2014,222,42.00,"好产品不一定要颠覆，微小改进就能让用户尖叫！
引爆创新领域的全新方法论
互联网时代行之有效的5大创新策略
创业者、产品经理必读的创新行动指南
《怪诞行为学》... ",isbn9787508644585
261,互联网,微服务设计,[英] Sam Newman, 崔力强、张　骏 ,8.2, 人民邮电出版社 , 2016,564,69.00,本书全面介绍了微服务的建模、集成、测试、部署和监控，通过一个虚构的公司讲解了如何建立微服务架构。主要内容包括认识微服务在保证系统设计与组织目标统一上的重要性... ,isbn9787115420268
id,类型,书籍名称,作者,译者,豆瓣评分,出版社,出版日期,评价人数,价格,简介,isbn
272,互联网,硅谷之火,保罗·弗赖伯格、迈克尔·斯韦因, 张华伟 编译 ,7.3, 中国华侨出版社 , 2014,79, 39.80,《硅谷之火:人与计算机的未来》以生动的故事，介绍了计算机爱好者以怎样的创新精神和不懈的努力，将计算机技术的力量包装在一个小巧玲珑的机壳里，实现了个人拥有计算... ,isbn9787511347282
273,互联网,智慧社会,阿莱克斯·彭特兰 (Alex Pentland), 汪小帆、汪容 ,7.6, 浙江人民出版社 , 2015,340, 56.90,●如果要在大数据领域推举出一个代表性的科学家，阿莱克斯·彭特兰是一个无法令人忽略的名字。经过数年极具开创性的研究，社会物理学这个全新科学领域的根基已足够深厚... ,isbn9787213065842
274,互联网,网飞传奇,[美]吉娜·基廷, 谭永乐 ,6.8, 中信出版社 , 2014,194,42,飞的历史充满了传奇色彩，它的崛起伴随着复杂斗争、幸运转折、个人背叛……它自身的历史比它出租的那些电影还要更富有戏剧性。网飞在1997年建立，而建立的原因仅仅... ,isbn9787508642864
275,互联网,技术元素,[美] 凯文·凯利, 张行舟、余倩、周峰、管策、金鑫、曾丹阳、李远、袁璐 ,7.9, 译言·东西文库／电子工业出版社 , 2012,1262,55.00,"我会将我不成熟的想法、笔记、内心争论、草稿以及对其他文章的回应都写在《技术元素》中，这样我就能知道自己到底在想些什么。——KK
“技术元素”（techniu... ",isbn9787121167331
276,互联网,IT不再重要,（美）尼古拉斯·卡尔, 闫鲜宁 ,7.5, 中信出版社 , 2008,617,29.00,在这部跨越历史、经济和技术领域的著作中，作者从廉价的电力运营方式对社会变革的深刻影响延伸到互联网对我们生活的这个世界的重构性影响。他批判式的认为，企业想应用... ,isbn9787508612508
277,互联网,黑客,Steven Levy, 赵俐、刁海鹏、田俊静 ,8.3, 机械工业出版社华章公司 , 2011,873,69.00,"黑客文化和伦理的奠基之作，计算机专业人士必读。
二十五周年新版，涵盖比尔·盖茨、马克·扎克伯格、理查德·斯托曼、史蒂夫·沃兹尼克等著名黑客的最新资料。
多年... ",isbn9787111358404
278,互联网,互联网创业核心技术：构建可伸缩的web应用,【美】Artur Ejsmont, 李智慧、何坤 ,8.2, 电子工业出版社 , 2016,55,89,可伸缩架构技术是所有互联网技术中最重要，也是最引人入胜的技术。《互联网创业核心技术：构建可伸缩的web应用》针对互联网创业需求快速迭代，业务快速发展，短时间... ,isbn9787121301124
279,互联网,人月神话,[美] 弗雷德里克·布鲁克斯, 汪颖 ,8.4, 清华大学出版社 , 2002,3017,29.80,作者为人们管理复杂项目提供了颇具洞察力的见解，既有很多发人深省的观点，也有大量的软件工程实践。书中的内容来自布鲁克斯在IBM公司System 360家族和O... ,isbn9787302059325
280,互联网,拉新：快速实现用户增长,[美]加布里埃尔·温伯格、[美]贾斯汀·迈尔斯, 谢天 ,7.8, 中信出版集团 , 2019,10,59,"唯有生于拉新，才有留存、激活、变现、口碑！
Facebook、Netflix、Airbnb、Twitter、YouTube实现用户指数级增长的拉新方法，都在... ",isbn9787508699936
281,互联网,如何研究网络人群和社区,罗伯特·V.库兹奈特, 叶韦明 ,8.0, 重庆大学出版社 , 2016,51,36,"《创投42章经》是拥有百万粉丝的微信公众号“42章经”的精选文章合集，全书共分为心法、内功、招式和江湖传奇四部分。
在心法部分，读者可以学到一些创业与投资的... ",isbn9787562497455
id,类型,书籍名称,作者,译者,豆瓣评分,出版社,出版日期,评价人数,价格,简介,isbn
295,互联网,社群营销与运营/互联网+新媒体营销规划丛书,秦阳,,7.3,秋叶|总主编:秋叶 , 人民邮电出版社 ,49,2017-5 / 45.00,《社群营销与运营》共分6章。第1章重点介绍了社群营销的起因、概念、构成、价值和评估模型，引导读者全面认识社群以及社群营销；第2章介绍了如何从无到有、从小到大... ,isbn9787115448378
296,互联网,Google模式,Eric Schmidt、Jonathan Rosenberg, 李芳齡 ,8.9, 天下雜誌出版社 , 2014,43,TWD 420.00,"上市即登紐約時報暢銷書、Amazon科技經營排行榜TOP1
未上市即售出美、英、德、日、荷等12國版權
Google創辦人Larry Page專文推薦
第一... ",isbn9789862419724
297,互联网,微粒社会,[德] 克里斯托夫·库克里克, 黄昆、夏柯 ,7.1, 中信出版集团股份有限公司 , 2017,75,49.00,数字化已经渗透到了社会的方方面面，我们在线留下的每一个痕迹，无论是一次点击还是一次停留所产生的数据，都让我们的行为、习惯被更深刻理解。小到个体、大到公司，每... ,isbn9787508679136
298,互联网,万物皆无序,（美）戴维•温伯格（David Weinberger）, 李燕鸣 ,7.6, 山西人民出版社 , 2017,55,42.00,"《万物皆无序：新数字秩序的革命》
戴维•温伯格（David Weinberger）/著
李燕鸣/译
维基百科创始人 / 吉米•威尔士
BBC全球新闻总裁 /... ",isbn9787203098102
299,互联网,世界是平的（3.0版）,[美] 托马斯·弗里德曼, 何帆、肖莹莹、郝正非 ,7.7, 湖南科学技术出版社 , 2008,3382,58.00,"世界变得平坦，是不是迫使我们跑得更快才能拥有一席之地？
在《世界是平的》中，托马斯·弗里德曼描述了当代世界发生的重大变化。科技和通信领域如闪电般迅速的进步，... ",isbn9787535753663
300,互联网,软技能,John Sonmez, 王小刚 ,8.0, 人民邮电出版社 , 2016,917,59.00,这是一本真正从“人”（而非技术也非管理）的角度关注软件开发人员自身发展的书。书中论述的内容既涉及生活习惯，又包括思维方式，凸显技术中“人”的因素，全面讲解软... ,isbn9787115429476
301,互联网,编织万维网,［英］蒂姆・伯纳斯―李、蒂姆·伯纳斯-李、马克·菲谢蒂, 张宇宏,9.5,萧风 , 上海译文出版社 ,18,1999-12 / 13.0,本书主要由两个部分组成：第一部分叙述了万维网诞生的整个过程，它从一个侧面反映了10年来因特网的发展历程，并披露了许多鲜为人知的真实故事；在第二部分中，作者探... ,isbn9787532723508
302,互联网,白话区块链,蒋勇, 文延、嘉文 ,8.1, 机械工业出版社 , 2017,96,59.00,由浅入深：从比特币开始，到区块链技术的骨骼（密码算法）和灵魂（共识算法），再到目前知名的区块链框架介绍，到最后从零构建一个微型区块链系统（微链），循序渐进。... ,isbn9787111582984
303,互联网,硅谷之火,迈克尔·斯韦因, 王建华 ,7.8, 机械工业出版社 , 2001,124,34.00,"我们今天正处于这样一个时代：充满幻想的人们发现他们获得了他们曾经梦寐以求的力量，并且可以利用这个力量来改造我们的世界。
这是个转折的时代，跨国公司迷失了发展... ",isbn9787111072522
304,互联网,阿桑奇自传,朱利安·阿桑奇, 任海龙、常江 ,7.9, 译林出版社 , 2013,912,38.00,"史上最大规模泄密事件策划者，继“电报门”后，阿桑奇携斯诺登“棱镜门”再度来袭！阿桑奇放言称：“2013年将曝光逾100万份机密，那些国家无一幸免！”
【“维... ",isbn9787544740784
305,互联网,人人时代,[美]克莱•舍基（Clay Shirky）, 胡泳、沈满琳 ,7.5, 中国人民大学出版社 , 2012,484,49.90,"[内容简介]
•一而再，再而三出现的公众事件，绝不仅是来自草根的随兴狂欢，而是在昭示着一种变革未来的力量之崛起！基于爱、正义、共同的喜好和经历，人和人可以超... ",isbn9787300159331
306,互联网,失控的真相,[美] 迈克尔·帕特里克·林奇, 赵亚男 ,7.7, 中信出版社 , 2017,79,42.00,"编辑推荐
在信息泛滥的时代，知识变得无处不在。鼠标轻轻一点，我们就坐拥一座巨型图书馆。然而，我们并没有因此就离真相更近。相反，互联网的普及使人们早已习惯于凡... ",isbn9787508674278
307,互联网,SSA：用户搜索心理与行为分析,[美] 罗森菲尔德（Louis Rosenfeld）, 汤海、蔡复青 ,8.3, 清华大学出版社 , 2014,30,59.00,何为站内搜索分析（SSA）？它如何帮助你挖掘用户搜索曰志，从中洞悉用户搜索心理和行为，从而有针对性地改善用户体验，提升网站价值？这些都可以从《SSA：用户搜... ,isbn9787302342298
id,类型,书籍名称,作者,译者,豆瓣评分,出版社,出版日期,评价人数,价格,简介,isbn
318,互联网,零工经济,Diane Mulcahy, 陈桂芳 ,7.6, 中信出版集团股份有限公司 , 2017,140, 39.00,"// 国内第一本讲述“零工经济”概念的图书！
// 互联网时代，你的技能与兴趣可以与市场需求产生更佳的匹配！
// 通过工作模式的转型，你的财务状况可以获得... ",isbn9787508671550
319,互联网,游戏化思维,[美] 凯文·韦巴赫（Kevin Werbach）、[美]  丹·亨特（Dan Hunter）, 周逵、王晓丹 ,6.9, 浙江人民出版社 , 2014,664,36.90,"[内容简介]
●本书由开设了全世界第一个游戏化课程的沃顿商学院副教授凯文·韦巴赫和丹·亨特所著，第一次全面系统地介绍游戏化的理论，阐述了如何将游戏的理念应用... ",isbn9787213060137
320,互联网,JavaScript,[英] Jeremy Keith、[加] Jeffrey Sambells, 杨涛、王建桥、杨晓云 等 ,8.7, 人民邮电出版社 , 2011,1443,49.00,JavaScript是Web开发中最重要的一门语言，它强大而优美。无论是桌面开发，还是移动应用。JavaScript都是必须掌握的技术。W3C的DOM标准是... ,isbn9787115249999
321,互联网,认知与设计,Jeff Johnson, 张一宁 ,8.7, 人民邮电出版社 , 2011,1453,59.00,本书语言清晰明了，将设计准则与其核心的认知学和感知科学高度统一起来，使得设计准则更容易地在具体环境中得到应用。涵盖了交互计算机系统设计的方方面面，为交互系统... ,isbn9787115261410
322,互联网,第二次机器革命,[美]埃里克·布莱恩约弗森, 蒋永军 ,8.0, 中信出版社 , 2014,391,59.80,"“一本非常鼓舞人心的书！”——托马斯•L•弗里德曼 《世界是平的》作者
一场革命开始了！
在《第二次机器革命》这本书中，埃里克•布莱恩约弗森和安德鲁•麦卡菲... ",isbn9787508647210
323,互联网,世界是数字的,[美] Brian W. Kernighan, 李松峰、徐建刚 ,8.3, 人民邮电出版社 , 2013,309,49.00,家用电器、汽车、飞机、相机、手机、GPS 导航仪，还有游戏机，虽然你看不见，但这些设备都有计算能力。手机通信网络、有线电视网络、空中交通管制系统、电力系统、... ,isbn9787115318756
324,互联网,刷屏,[美] 凯文•阿洛卡, 侯奕茜、何语涵 ,6.4, 中信出版社 , 2018,98,68.00,"1.
YouTube流行趋势经理，解密如何打造爆款视频
在视频时代，制造互动，才能创造潮流 用户不再是被动的观众，而是主动的传播者
2.
《刷屏》以行内人视... ",isbn9787508692722
325,互联网,创新公司,[美]艾德·卡特姆、埃米·华莱士, 靳婷婷 ,8.7, 中信出版社 , 2015,948,49.00,"●《玩具总动员》《海底总动员》《机器人瓦力》《飞屋环游记》等14部脍炙人口的动画长片, 近30次奥斯卡奖,  7部奥斯卡最佳动画长片，7次金球奖；
●几乎每... ",isbn9787508649474
326,互联网,交互设计之路,库帕, Chris Ding ,7.9, 电子工业出版社 , 2006,1039,38.00,本书是基于众多商务案例，讲述如何创建更好的、高客户忠诚度的软件产品和基于软件的高科技产品的书。本书列举了很多真实可信的实际例子，说明目前在软件产品和基于软件... ,isbn9787121021626
327,互联网,数字乌托邦,尼古拉斯•卡尔, 姜忠伟 ,6.9, 中信前沿出版社 , 2018,76,69.00,当下，技术与我们的关系变得越来越紧密不可分割，特别是智能手机等设备的出现，带给整个人类社会一场彻底的变革。的确，智能手机上的各种应用程序让我们的工作生活无比... ,isbn9787508678658
id,类型,书籍名称,作者,译者,豆瓣评分,出版社,出版日期,评价人数,价格,简介,isbn
336,互联网,创新者,[美] 沃尔特 · 艾萨克森, 关嘉伟、牛小婧 ,8.5, 中信出版社 , 2016,93,88.00,"讲述了计算机和互联网从无到有的发展历程，并为我们生动地刻画出数字时代的创新者群像。
在近200年的数字化进程中群星闪耀，艾萨克森从一个计算机程序的创造者、诗... ",isbn9787508661193
337,互联网,信息改变了美国,（美）阿尔弗雷德·D·钱德勒、（美）詹姆斯·W·科塔达, 邱艳娟、万岩 ,8.4, 上海远东 , 2008,52,58.00,《信息改变了美国》讲述的是19世纪晚期到20世纪美国经济社会发展变化进程中因为信息(或者说信息技术)而发生过的史诗般的传奇故事。这些传奇故事在每个传奇人物登... ,isbn9787807064688
338,互联网,用户体验度量,[美] 特里斯(Tullis.T.)、[美] 阿伯特(Albert.B.), 周荣刚 ,8.0, 机械工业 , 2009,363,49.00,有效地测量任何产品的可用性都需要选择和使用正确的度量．并要有效地利用它所揭 示出来的信息。《用户体验度量》首次介绍了相关实用资料．可以使可用性从业人员和产品... ,isbn9787111266099
339,互联网,参与的胜利,亨利·詹金斯, 高芳芳 ,7.8, 浙江大学出版社 , 2017,37, 42.00,《参与的胜利：网络时代的参与文化》是一场学者之间的对话，三位学者（亨利·詹金斯、伊藤瑞子和丹娜·博伊德）虽然来自不同的代际、不同的学科背景，但他们在相同的参... ,isbn9787308166317
340,互联网,数字民主的迷思,[美] 马修·辛德曼, 唐杰 ,7.3, 中国政法大学出版社 , 2015,66, 39.00,马修·辛德曼著的《数字民主的迷思》主要讨论互联网对美国政治的影响，聚焦的是“民主化”这一课题。针对公众关于网络民主的美好想象与过分狂热，它通过对在线竞选、链... ,isbn9787562063827
341,互联网,有的放矢,Nathan Furr、Paul Ahlstrom, 七印部落 ,8.4, 华中科技大学出版社 , 2014,169,38.00,创业需要大笔资金吗？自信的人适合创业吗？好点子究竟来自哪里？《有的放矢：NISI创业指南》的两位作者拥有多年创业与投资经验，收集了大量的一手案例和资料，提出... ,isbn9787560999296
342,互联网,维基经济学,[加] 唐·泰普斯科特、[英] 安东尼·D·威廉姆斯, 何帆、林季红 ,7.1, 中国青年出版社 , 2007,1114,43.80,维基经济学的得名，缘于维基百科全书网站的巨大成功，它向世界证明：如果有一种方法充分利用组织里每一个人的智慧，它的能量将无比惊人！维基经济学所揭示的四个新法则... ,isbn9787500676911
343,互联网,爆发,[美] 艾伯特-拉斯洛·巴拉巴西, 马慧 ,6.2, 中国人民大学出版社 , 2012,1261,59.90,1. 本书是一本超越《黑天鹅》的惊世之作。如果说塔勒布认为人类行为是随机的，都是小概率事件，是不可以预测的；那么全球复杂网络权威Barabasi则认为，人类... ,isbn9787300154749
id,类型,书籍名称,作者,译者,豆瓣评分,出版社,出版日期,评价人数,价格,简介,isbn
358,互联网,写给大家看的设计书（第3版）,[美] Robin Williams, 苏金国、刘亮 ,8.6, 人民邮电出版社 , 2009,10899,49.00,这本书出自一位世界级设计师之手。复杂的设计原理在书中凝炼为亲密性、对齐、重复和对比4 个基本原则。作者以其简洁明快的风格，将优秀设计所必须遵循的这4 个基本... ,isbn9787115188120
359,互联网,谷歌时代的柏拉图,[美] 丽贝卡·戈尔茨坦, 李鹏程 ,8.1, 中信出版集团·新思文化 , 2017,102,69.00,"我愿意用我所有的科技去换取和苏格拉底相处的一个下午。
——史蒂夫•乔布斯
谷歌时代，科技昌明，众声喧哗，哲学提出的许多问题，科学似乎都已经给出了答案。若是如... ",isbn9787508675930
360,互联网,大连接,[美] 尼古拉斯•克里斯塔基斯（Nicholas A. Christakis）、[美] 詹姆斯•富勒（James H. Fowler）, 简学 ,7.2, 中国人民大学出版社 , 2013,505,59.90,"[内容简介]
1. 本书是继《六度分隔》之后，社会科学领域最重要的作品。作者发现：相距三度之内是强连接，强连接可以引发行为；相聚超过三度是弱连接，弱连接只能... ",isbn9787300166353
361,互联网,乔纳森传,[美] 利恩德·卡尼, 汪琪、岳卉、王文雅 ,7.3, 中信出版社 , 2014,1393,49.00,这是第一本聚焦苹果首席设计师乔纳森·艾夫的传记。乔纳森在英国学习了传统的工业设计理论，致力于将设计与生产过程相结合，并结合自己对于设计的理解，形成了独有的乔... ,isbn9787508643182
362,互联网,持续交付,Jez Humble、David Farley, 乔梁 ,8.7, 人民邮电出版社 , 2011,334,89.00,Jez Humble编著的《持续交付(发布可靠软件的系统方法)》讲述如何实现更快、更可靠、低成本的自动化软件交付，描述了如何通过增加反馈，并改进开发人员、测... ,isbn9787115264596
363,互联网,敏捷革命：提升个人创造力与企业效率的全新协作模式,[美] 杰夫·萨瑟兰, 蒋宗强 ,8.2, 中信出版社 , 2017,360,49.00,"有一种神奇的项目管理方法：
张小龙用它来开发QQ邮箱，管理微信团队；
京东、华为、中兴都在进行内部学习；
HBO的热剧《硅谷》将它搬上荧幕
通用电气利用它加... ",isbn9787508671437
364,互联网,定位,杰克·特劳特（Jack Trout）、阿尔·里斯（AL Ries）, 谢伟山、苑爱冬 ,8.0, 机械工业出版社 , 2011,6332,42.00,"如果只看一本营销书籍，首选《定位》。
本书提出了被称为“有史以来对美国营销影响最大的观念”——定位，改观了人类“满足需求”的旧有营销认识，开创了“胜出竞争”... ",isbn9787111326403
365,互联网,用户故事地图,Jeff Patton, 李涛、向振东 ,7.4, 清华大学出版社 , 2016,240,59.00,用户故事地图作为一种有效的需求工具，越来越广泛地应用于开发实践中。本书以用户故事地图为主题，强调以合作沟通的方式来全面理解用户需求，涉及的主题包括怎么以故事... ,isbn9787302429944
366,互联网,新黑暗时代,[英] 詹姆斯·布莱德尔, 宋平、梁余音 ,8.6, 广东人民出版社 , 2019,10,79.8,运用大量鲜为人知的档案资料，深刻剖析科技的发展及其运作方式，及其对当下人类社会所产生的巨大影响，其中不仅涉及气候变暖、全球监视、地缘政治这样的宏观命题，也包... ,isbn9787218135007
367,互联网,万维网的定律,[美] 伯纳多 A·胡伯曼, 李晓明 ,8.5, 北京大学出版社 , 2009,48,12.00,亿万人在万维网上的各种活动，尽管是随机发生、随意展开、无人协调，但显现出了一些有趣的特征与明显的模式：从网络信息的结构，到网民冲浪的行为；从网络拥塞的现象，... ,isbn9787301154892
368,互联网,代码,劳伦斯・莱斯格, 李旭 ,8.2, 中信出版社 , 2004,163,30.00,"劳伦斯·莱斯格的著作《代码》 问世便震动了学界和业界，被人称为“也许是迄今为止互联网领域最重要的书籍”，也被一些学者称为“网络空间法律的圣经”。
    《... ",isbn9787508600529
369,互联网,回头客战略,[美]谢家华（Tony Hsieh）, 谢传刚 ,8.0, 文汇出版社 , 2017,153,49.00,"◆ 在这里，75%的顾客是回头客！
◆ 三度被哈佛大学列入教案！
◆ 360公司董事长周鸿祎、亚马逊创始人贝佐斯倾力推荐！
◆ 风靡13国，《纽约时报》连续... ",isbn9787549620180
370,互联网,引爆流行,[美] 马尔科姆·格拉德威尔, 钱清、覃爱冬 ,7.7, 中信出版社 , 2002,833,18.00,马尔科姆·格拉德威尔以社会上突如其来的流行风潮研究为切入点，从一个全新的角度探索了控制科学和营销模式。他认为，思想、行为、信息以及产品常常会像传染病爆发一样... ,isbn9787800734328
371,互联网,理想主义者,[美] 贾斯汀·彼得斯, 程静、柳筠 ,7.7, 重庆出版社 , 2018,45,49.80,2013年1月11日，年仅26岁的黑客亚伦·斯沃茨自杀身亡，此事在美国引起轩然大波。这不仅是因为在互联网领域，斯沃茨是一个可以与比尔·盖茨、马克·扎克伯格、... ,isbn9787229121082
id,类型,书籍名称,作者,译者,豆瓣评分,出版社,出版日期,评价人数,价格,简介,isbn
384,互联网,总开关,[美] 吴修铭, 顾佳 ,8.6, 中信出版社 , 2011,91,49.00,当收音机经历从真空管收音机到半导体收音机，再到电晶体收音机的发展升级时，人们觉得自己的资讯来源美满得无可复加了。当约翰.洛吉.贝尔德发明了电视以后，在很长一... ,isbn9787508629865
385,互联网,写给大家看的设计书（第4版）,Robin Williams, 苏金国、李盼 ,8.7, 人民邮电出版社 , 2016,636,59.00,"畅销设计入门书最新版，让每个人都能成为设计师
在这个创意无处不在的时代，越来越多的人成为设计师。简历、论文、PPT、个人主页、博客、活动海报、给客人的邮件、... ",isbn9787115404404
386,互联网,洞察用户体验,[美] 古德曼 (Elizabeth Goodman)、[美] 库涅夫斯基 (Mike Kuniavsky)、[美] 莫德 (Andrea Moed), 刘吉昆 ,7.2, 清华大学出版社 , 2015,61,89.00,《洞察用户体验:方法与实践(第2版)(修订版)》适合所有有志于从事用户体验设计和研究的读者阅读，也适合任何一个希望有所建树的产品和服务策划、研究与设计人员阅... ,isbn9787302385042
387,互联网,颠覆医疗,[美]埃里克·托普, 张南、魏薇、何雨师 ,7.7, 译言·东西文库／电子工业出版社 , 2014,558,55.00,“创造性破坏”是奥地利经济学家约瑟夫·熊彼特最著名的理论，当一个产业在革新之时，都需要大规模地淘汰旧的技术与生产体系，并建立起新的生产体系。电器之于火器、汽... ,isbn9787121216824
388,互联网,用户至上：用户研究方法与实践（原书第2版）,凯茜·巴克斯特, 王兰、杨雪、苏寅 ,8.0, 机械工业出版社 , 2017,16,99,《UI/UE系列丛书 用户至上：用户研究方法与实践（原书第2版）》是用户研究方法指南，谷歌用户体验研究员十几年工作经验结晶，从理论到实战，包含完整的实操案例... ,isbn9787111564386
389,互联网,影响力,[美] 罗伯特·西奥迪尼, 陈叙 ,8.6, 中国人民大学出版社 , 2006,31735,45.00,政治家运用影响力来赢得选举，商人运用影响力来兜售商品，推销员运用影响力诱惑你乖乖地把金钱捧上。即使你的朋友和家人，不知不觉之间，也会把影响力用到你的身上。但... ,isbn9787300072487
390,互联网,赛博人,[美]约翰·苏勒尔, 刘淑华、张海会 ,7.1, 中信出版集团 , 2018,13,88.00,随着数字时代的飞速发展，网络空间正在深深影响着我们每个人的思想、感受和网络行为，其对我们的影响甚至比在现实生活中更大。为全面解析人类在网络空间中的感知、感觉... ,isbn9787508689715
391,互联网,奥美的数字营销观点,[美] 肯特·沃泰姆、[美] 伊恩·芬威克, 台湾奥美互动营销公司 ,7.1, 中信出版社 , 2009,553,45.00,目前，媒体的数字化给营销人带来了重大影响。新媒体世界具有多重特性，它赋予企业大量机会，同时也带来挑战。营销人有了数量空前的方式来与消费者互动。然而，许多人面... ,isbn9787508615288
392,互联网,数字化崇拜,[加] 文森特·莫斯可, 黄典林 ,7.8, 北京大学出版社 , 2010,122,26.00,与此前的许多技术发展一样，以互联网为标志的数字化时代同样为人们提供了社会根本性变革的许诺：通过电脑，我们可以超越时空和政治。在本书中，文森特·莫斯可透过技术... ,isbn9787301163115
393,互联网,连线力,杨国斌, 邓燕华 ,7.3, 广西师范大学出版社 , 2013,83,39.00,"《连线力》，最关切我们未来的“思想@网络.中国”丛书之一，互联网中国传媒参考书。
中国网民在行动。在中国的广大网民中，普遍存在着对正义的渴望和追求，对弱者和... ",isbn9787549543373
394,互联网,你不可不知的50个互联网知识,Tom Chatfield, 程玺 ,8.2, 人民邮电出版社 , 2013,11,32.00,本书是一本关于数字技术的科普书，作者通过50篇短小精干的短文，介绍了改变我们这个世界的50种数码知识，包括云计算、文化反赌、微博、浏览器大战、增强现实等。 ,isbn9787115314857
395,互联网,劫持,玛丽•K. 斯温格尔（Mari K. Swingle）, 邓思渊 ,6.9, 中信出版集团股份有限公司 , 2018,90, 59.00,《劫持》是一本探讨人与科技的关系的书，基于一位心理学博士20年的临床经验及其作为神经认知科学研究者的脑—电研究成果。在这本面向大众的科普书中，作者以深入浅出... ,isbn9787508688619
id,类型,书籍名称,作者,译者,豆瓣评分,出版社,出版日期,评价人数,价格,简介,isbn
402,互联网,信号与噪声,[美] 纳特•西尔弗, 胡晓姣、张新、朱辰辰 ,7.1, 中信出版社 , 2013,1171,69.00,"【编辑推荐】
从海量的大数据中筛选出真正的信号，
“黑天鹅”事件也可提前预知！
“本书将成为未来十年内最重要的书籍之一。”——《纽约时报》
“对于每一个关心... ",isbn9787508641140
403,互联网,定位,[美] 艾·里斯、杰克·特劳特, 王恩冕 等 ,8.2, 中国财政经济出版社 , 2002,7231,39.80,20多年前，美国《广告时代》杂志约请年轻的营销专家里斯和特劳特撰写一系列有关营销和广告新思维的文章，总标题就是“定位的时代”。系列文章刊载之后，引起全行业的... ,isbn9787500554370
404,互联网,界面设计模式,"[美]泰德维尔（Tidwell,J.）", 蒋芳 ,8.6, 电子工业出版社 , 2013,100, 119.00,"模式意味着重用。
好的模式建立在对人与事物的深刻认知之上。
本书开篇即总结了“与人有关”的各类问题，为读者提供了界面设计总体思路上的指引，帮助读者举一反三。... ",isbn9787121204067
405,互联网,文案训练手册,[美]约瑟夫·休格曼, 杨紫苏、张晓丽 ,7.7, 中信出版社 , 2015,479,33.80,"比兹•斯通，无疑是自乔布斯后的又一个硅谷奇迹！
70后的他，出身贫苦，一无所有，却又特立独行，充满智慧。从他这本自传中，我们知道他和乔布斯一样，大学都没读完... ",isbn9787508650821
406,互联网,一只小鸟告诉我的事,[美]比兹·斯通, 顾雨佳 ,7.9, 中信出版社 , 2014,143,59.00,"三跨青年Lydia的一线奋斗笔记，抛却艰深理论，用亲身经验为你打通任督二脉。
揭开思维认知盲区，剖析成长潜在技巧，探知进阶背后逻辑，在拐点到来的时刻，推动人... ",isbn9787508648231
407,互联网,网络与国家,弥尔顿·L·穆勒 (Milton L.Mueller), 周程、鲁锐、夏雪、郑凯伦 ,8.7, 上海交通大学出版社 , 2015,20,58.00,《麻省理工科技评论》从2001年开始，每年都会公布“10大全球突破性技术”，即TR10（Technology Review 10），并预测其大规模商业化的潜... ,isbn9787313107879
id,类型,书籍名称,作者,译者,豆瓣评分,出版社,出版日期,评价人数,价格,简介,isbn
413,互联网,人月神话,弗雷德里克.布鲁克斯, UMLChina翻译组、汪颖 ,8.6, 清华大学出版社 , 2007,1286,48.00,在软件领域，很少能有像《人月神话》一样具有深远影响力和畅销不衰的著作。Brooks博士为人们管理复杂项目提供了最具洞察力的见解，既有很多发人深省的观点，又有... ,isbn9787302155676
414,互联网,IT创业疯魔史,杰瑞·卡普兰, 刘骏杰 ,7.4, 凤凰出版社 , 2012,198,39.80,"《IT创业疯魔史》内容简介：杰瑞•卡普兰创建GO公司的经历是20多年前硅谷创业史中最精彩的故事之一。1987年,创立公司研发手写便携电脑，1994年,被AT... ",isbn9787550610040
415,互联网,关键设计报告,[美] 比尔·莫格里奇, 许玉铃 ,7.8, 中信出版社 , 2011,246,218.00,"当我们习惯了在社会上带着面具的时候，真实成为了一件奢侈的事情。
做到足够真实，让自己的本性表达出来，这需要勇敢。本书是鬼脚七自媒体的原创文集，主题就是做自己... ",isbn9787508626864
416,互联网,瞬间之美,"[美] Robert Hoekman, Jr.", 向怡宁 ,5.1, 人民邮电出版社 , 2009,2076,45.00,《亚马逊跨境电商运营宝典》详细讲解亚马逊的平台知识和运营技巧，内容围绕亚马逊卖家的日常工作，系统讲解亚马逊账号注册、后台操作、选品、产品发布、Listing... ,isbn9787115207678
417,互联网,交互设计沉思录,Jon Kolko, 方舟 ,6.7, 机械工业出版社华章公司 , 2012,623,49.00,管理是否到了终结的时候了？曾经的时代巨人都显得非常力不从心，那些原来成功的管理模式，如今都成为了企业发展的负担。组织的臃肿，层级的复杂，条块的分割，让那些具... ,isbn9787111396789
id,类型,书籍名称,作者,译者,豆瓣评分,出版社,出版日期,评价人数,价格,简介,isbn
428,互联网,系统架构,爱德华·克劳利（Edward Crawley）、布鲁斯·卡梅隆（Bruce Cameron）、丹尼尔·塞尔瓦（Daniel Selva）, 爱飞翔 ,9.5, 机械工业出版社 , 2017,62,119.00,"本书由系统架构领域3位领军人物亲笔撰写，该领域资深专家Norman R. Augustine作序推荐，Amazon全五星评价。
全书共分四部分。
第一部分（... ",isbn9787111551430
429,互联网,创业无畏,彼得· 戴曼迪斯、史蒂芬· 科特勒, 贾拥民 ,8.0, 浙江人民出版社 , 2015,196,69.90,	您是否有最大胆的商业梦想？您是否想把一个好主意快速转化为一家市值几百亿甚至几千亿元的公司？《创业无畏》不仅分享了成功创业家的真知灼见，更为我们绘制了一幅... ,isbn9787213067808
430,互联网,大数据预测,【美】埃里克·西格尔, 周昕 ,7.2, 中信出版社 , 2014,156,58.00,"360公司董事长周鸿祎、《罗辑思维》主讲人罗振宇郑重推荐
2020年的一天，在你驱车前往公司的路上，导航系统通过预测交通流量，会自动帮你选择一条最合适的交通... ",isbn9787508644608
431,互联网,信息社会理论,弗兰克·韦伯斯特, 曹晋、梁静、李哲、曹茂 ,8.5, 北京大学出版社 , 2011,74,26.00,《信息社会理论(第3版)》坚持从梳理资本的历史脉络中洞察信息社会的本质，借助勾勒贝尔、吉登斯、哈贝马斯、卡斯特等重要信息社会理论家的论述优劣，敏锐揭示了信息... ,isbn9787301189559
432,互联网,社交的本质：扎克伯格的商业秘密,兰迪•扎克伯格, 谢天 ,5.2, 中信出版集团股份有限公司 , 2016,468, 45.00,"从发表个人观点到找工作，从交朋友到找伴侣，社会化媒体的广泛应用、互联技术的高速发展已经改变了我们生活的各个领域。
Facebook早期成员之一，兰迪·扎克伯... ",isbn9787508646930
433,互联网,成为乔布斯,[美] 布伦特·施兰德、[美] 里克·特策利, 陶亮 ,8.9, 中信出版集团 , 2016,1386,69.00,"本书描绘了一位多姿多彩的人物将与生俱来的激情与成熟的管理方式相结合，打造出史上最有价值、最受消费者追捧的公司，这本书将彻底改变我们看待乔布斯的方式。
本书推... ",isbn9787508662404
434,互联网,人件（原书第3版）,[美] Tom DeMarco、[美] Timothy Lister, 肖然、张逸、滕云 ,8.4, 机械工业出版社 , 2014,300,69.00,在软件管理领域，很少有著作能够与本书媲美。作为经久不衰的畅销书，本书深刻地洞察到软件开发的最大问题不在于技术，而在于人。人的因素并不容易解决，一旦解决了，你... ,isbn9787111474364
435,互联网,共享经济,[美] 罗宾•蔡斯, 王芮 ,7.1, 浙江人民出版社 , 2015,382,59.90,"[内容简介]
	在当今这个稀缺的世界里，人人共享组织可以创造出富足。通过利用已有的资源，如有形资产、技术、网络、设备、数据、经验和流程等，这些组织可以以指... ",isbn9787213067853
436,互联网,技术垄断,(美)Neil Postman, 蔡金栋、梁薇 ,8.9, 机械工业出版社 , 2013,76,49.00,《技术垄断：文明向技术投降》是著名的“媒介批评三部曲”之一，系统讲解了技术垄断对人类社会的文化、宗教、传统和心理造成的影响和破坏，深刻地指出了技术的发展不受... ,isbn9787111442486
437,互联网,浪潮式发售,[美] 杰夫.沃克（Jeff Walker）, 李文远 ,7.5, 广东人民出版社 , 2016,104,39.80,"10天时间，4种发售路径，
让你的产品一上架就被秒杀
投资失败的个体户，怎样让长期积压的库存，变成众人抢购的稀缺品，最终敲开财富之门？
只有一腔热血的大... ",isbn9787218103976
id,类型,书籍名称,作者,译者,豆瓣评分,出版社,出版日期,评价人数,价格,简介,isbn
446,互联网,如何思考会思考的机器,[美] 约翰·布罗克曼, 黄宏锋、李骏浩、张羿 ,7.2, 浙江人民出版社 , 2017,54,89.90,"➢如何思考会思考的机器？本书编者约翰•布罗克曼召集了约190位世界顶尖的科学家和思想家来回答这个“大问题”，并把他们的答案和论述集结成书。
➢这本书将带你认... ",isbn9787213079375
447,互联网,断点：互联网进化启示录,[美]杰夫·斯蒂贝尔, 师蓉 ,6.4, 中国人民大学出版社有限公司 , 2014,104, 49.00,"一部神经学、生物学与互联网技术大融合的互联网进化史诗巨著。
我们正置身网络革命中。互联网的每一丝变化都与你我息息相关。当科技变得无处不在时，它就会改变你我。... ",isbn9787300201283
448,互联网,爆款：如何打造超级IP,【美】安妮塔•埃尔伯斯, 杨雨 ,6.6, 中信出版社 , 2016,453,49,"哈佛商学院IP运营与产品管理方法论第一书，翻转长尾理论的重要著作！
电影大片、当红炸子鸡、百万畅销书背后的运营逻辑是什么？
《五十度灰》、Lady Gaga... ",isbn9787508658742
449,互联网,互联网政治学,[英] 安德鲁·查德威克, 任孟山 ,7.8, 华夏出版社 , 2010,123,68.00,《互联网政治学:国家、公民与新传播技术》研究了新传播技术对政党与选举、压力集团、社会运动、地方民主、公共机构和全球治理的影响。《互联网政治学:国家、公民与新... ,isbn9787508057316
450,互联网,程序员修炼之道,Andrew Hunt、David Thomas, 马维达 ,8.8, 电子工业出版社 , 2011,931,55.00,《程序员修炼之道:从小工到专家》内容简介：《程序员修炼之道》由一系列独立的部分组成，涵盖的主题从个人责任、职业发展，知道用于使代码保持灵活、并且易于改编和复... ,isbn9787121123368
451,互联网,OAuth,[美] 贾斯廷·里彻、[瑞士] 安东尼奥·桑索, 杨鹏 ,8.5, 人民邮电出版社 , 2019,10,89.00,本书深入探讨OAuth的运行机制，详细介绍如何在不安全的网络环境下正确使用、部署OAuth，确保安全认证，是目前关于OAuth最全面深入的参考资料。书中内容... ,isbn9787115509376
452,互联网,匠心体验,[法] 艾米丽·布歇, 吴　博 ,9.6, 人民邮电出版社 , 2016,52,69.00,本书针对在智能手机和平板电脑的网站及应用程序设计，详细剖析了移动终端服务的用户体验设计要点，阐述了营造舒适的感官体验、甄选内容及功能、提高用户效率、优化等待... ,isbn9787115435682
453,互联网,通关！游戏设计之道,罗杰斯 (Scott Rogers), 高济润、孙 懿 ,7.0, 人民邮电出版社 , 2013,308, 89.00,本书囊括了游戏设计的整个流程，剧情、设计文档、游戏策略及玩法等内容，在剧情的创意指导以及游戏设计文档上面，虽然用墨不多，但却极具作用。作者把大量的精力都用于... ,isbn9787115327772
id,类型,书籍名称,作者,译者,豆瓣评分,出版社,出版日期,评价人数,价格,简介,isbn
464,互联网,筑巢引凤,[美] Joshua Porter, 邝宇恒 ,7.5, 人民邮电出版社 , 2010,309,39.00,不论你是在建立什么样的网站，让用户之间产生良好交互都是成功的关键所在。你的目标在于让用户热烈谈论你的应用，邀请好友访问它，抱怨它，赞美它，从方方面面来分析它... ,isbn9787115237415
465,互联网,论因特网,[美] 休伯特·L.德雷福斯, 喻向午、陈硕 ,8.4, 河南大学出版社 , 2015,49,32.00,"本书是与日俱增的关于因特网利弊之文献的重要补充。
——《哲学评论》
关于因特网种种承诺的一次清晰辨析……以哲学家的眼光审视一个影响我们所有人的问题。
——《... ",isbn9787564917869
466,互联网,第四次革命,[意]卢西亚诺•弗洛里迪（Luciano Floridi）著, 王文革 ,7.4, 浙江人民出版社 , 2016,59,64.90,	随着线上线下大融合以及人工智能的极大发展，人类已经进入超历史时代。在这一时代中，人类终于迎来了继哥白尼革命、达尔文革命、神经科学革命之后自我认知的第四次... ,isbn9787213072307
467,互联网,SEO的艺术,Eric Enge；Stephan Spencer；Jessie Stricchiola；Rand Fishkin, 姚军 ,8.8, 机械工业出版社 , 2013,22,109.00,"TED演讲人作品，罗辑思维、华为首席用户体验架构师、思科网络体验CTO推荐。
随书附有TED演讲中文视频及作者开设的游戏化初学者课程。作者为Google、乐... ",isbn9787111422365
468,互联网,游戏化实战,[美]Yu-kai Chou, 杨国庆 ,8.8, 华中科技大学出版社 , 2017,165,59.00,在这个信息爆炸的年代，我们如何找到出路？在纷繁交错的信息流中，我们如何筛选出想要的信息？既然Google已经魔法般地将正确答案呈现在我们面前，为什么信息架构... ,isbn9787568024686
469,互联网,随意搜寻,Peter Morville, 沈浩翔 ,8.2, 华中科技大学出版社 , 2013,211, 68.00,大多数记载个人电脑产业发展史的作品将个人电脑视为一种技术或者商业行为。但本书处处笔酣墨饱，深入探讨了催生第一台个人电脑的文化环境和思想氛围，即反主流文化和不... ,isbn9787560987583
470,互联网,睡鼠说,约翰·马科夫 (John Markoff), 黄园园 ,8.3, 译言·东西文库／电子工业出版社 , 2015,33, 68.00,《群体的思维：如何利用群体智慧解决工作、生活难题》无论我们是要做金融方面的决策、换个工作还是找到我们的另一半，众包都不失为一种更快捷、明智、更客观的决策方式... ,isbn9787121262821
471,互联网,群体的思维,Lior Zoref, 赵媛、霍思亮 ,7.0, 中信出版集团股份有限公司 , 2016,41, 39.00,《互联网运营之道》内容由运营方法论切入，包括运营的江湖地位、运营的基本逻辑、运营的三大手段（内容运营、活动运营和用户运营）、数据统计方法，等等。虽然是讲方法... ,isbn9787508665887
472,互联网,人人时代（经典版）,[美] 克莱•舍基（Clay Shirky）, 胡泳、沈满琳 ,8.1, 浙江人民出版社 , 2015,58,54.90,"部落指的是任何一群人，规模可大可小，他们因追随领导、志同道合而相互联系在一起。人类其实数百万年前就有部落的出现，随之还形成了宗教、种族、政治或甚至音乐。
互... ",isbn9787213067211
473,互联网,部落：一呼百应的力量,高汀 (Godin.S.), 刘晖 ,7.1, 中信出版社 , 2009,567,26.00,"S型曲线是每个组织和企业在预测未来时一定会参考的工具，一切事物的发展都逃不开S型曲线（“第一曲线”）。
然而，从公司组织、企业治理、市场的变化，到个人职业发... ",isbn9787508615745
id,类型,书籍名称,作者,译者,豆瓣评分,出版社,出版日期,评价人数,价格,简介,isbn
483,互联网,人工智能的未来,Jeff Hawkins、Sandra Blakeslee, 贺俊杰、李若子、杨倩 ,8.8, 陕西科学技术出版社 , 2006.1 ,800,18.5,陕西科技出版社最新引进美国图书《人工智能的未来》（On Intelligence）一书，是由杰夫•霍金斯，一位在硅谷极其成功、受人尊敬的计算机工程师、企业家... ,isbn9787536940185
484,互联网,技术赋权,郑永年, 邱道隆 ,7.2, 东方出版社 , 2014,111, 45.00,在本书中，作者对中国互联网的历史做了一次突破性的研究，细致又全面地观察了中国互联网对于国家和社会的影响，发现互联网给中国的社会—政治变革带来了新的动力。政府... ,isbn9787506070805
485,互联网,互联网的未来,[美]乔纳森·齐特林, 康国平 ,7.3, 东方出版社 , 2011,48,32.80,《互联网的未来》包括了盒子的战争、网络的战争、网络安全与自我繁殖的两难、自我繁殖系统的模式、受缚的封闭设备、服务即软件，以及完美的执行、维基百科的教训、阻止... ,isbn9787506040761
486,互联网,网络素养,[美]霍华德·莱茵戈德, 张子凌、老卡 ,7.9, 译言·东西文库／电子工业出版社 , 2013,150,49.80,有人说Google让我们变得更笨，有人说Facebook出卖了我们的隐私，有人说Twitter将我们的注意力碎片化。在你担忧这些社会化媒体让我们变得“浅薄”... ,isbn9787121207600
487,互联网,用户故事与敏捷方法,Mike Cohn, 石永超、张博超 ,8.0, 清华大学出版社 , 2010,429,39.00,《用户故事与敏捷方法》详细介绍了用户故事与敏捷开发方法的结合，诠释了用户故事的重要价值，用户故事的实践过程，良好用户故事编写准则，如何搜集和整理用户故事，如... ,isbn9787302223405
488,互联网,病毒循环,亚当•潘恩伯格 (Adam L.Penenberg), 刘素洁 ,6.5, 浙江人民出版社 , 2013,236,56.90,1.全世界最成功的企业之中半数都是白手起家的，它们靠病毒营销发展壮大。这种盈利速度之快、规模之大、起点之低的创业方式，是人类历史上前所未有的。《病毒循环》正... ,isbn9787213054112
489,互联网,人本界面,（美）拉斯基（Jef Raskin）, 史元春 ,7.9, 机械工业出版社 , 2004,154,28.0,《分布式服务架构：原理、设计与实战》全面介绍了分布式服务架构的原理与设计，并结合作者在实施微服务架构过程中的实践经验，总结了保障线上服务健康、可靠的最佳方案... ,isbn9787111130062
490,互联网,格鲁夫给经理人的第一课,[美] 安迪•格鲁夫, 巫宗融 ,8.6, 中信出版社 , 2007,771,28.00,随着人工智能热潮的兴起，企业对人工智能领域产品经理的人才需求也开始井喷，人工智能产品经理成为顺应时代潮流的重要人力资源。实际上，人工智能确实给现有的产品和服... ,isbn9787508607665
491,互联网,移动应用UI设计模式（第2版）,[美] Theresa Neil, 田原 ,8.1, 人民邮电出版社 , 2015,210,79.00,"本书源自作者对32个IT行业创业者的访谈，包括Apple, Gmail, hotmail, TiVo, Flickr, Lotus 及 Yahoo公司等著名... ",isbn9787115377906
id,类型,书籍名称,作者,译者,豆瓣评分,出版社,出版日期,评价人数,价格,简介,isbn
500,互联网,TCP/IP网络编程,[韩] 尹圣雨, 金国哲 ,8.5, 人民邮电出版社 , 2014,110,79.00,"第一部分主要介绍网络编程基础知识。此部分主要论述Windows和Linux平台网络编程必备基础知识，未过多涉及不同操作系统特性。
第二部分和第三部分与操作系... ",isbn9787115358851
501,互联网,编码的奥秘,Charles Petzold, 伍卫国、王宣政、孙燕妮 ,9.3, 机械工业出版社 , 2000,1326,24.00,渴望交流是大多数人的天性。在本书中，“编码”通常指一种在人和机器之间进行信息转换的系统。换句话说、编码即是交流。有时我们将编码看得很神秘，其实大多数编码并非... ,isbn9787111080787
502,互联网,深度学习,[美]特伦斯·谢诺夫斯基（Terrence Sejnowski）, 姜悦兵 ,7.6, 中信出版集团 , 2019,211,88,全球科技巨头纷纷拥抱深度学习，自动驾驶、AI医疗、语音识别、图像识别、智能翻译以及震惊世界的AlphaGo，背后都是深度学习在发挥神奇的作用。深度学习是人工... ,isbn9787508698359
503,互联网,敏捷估计与规划,[美] Mike Cohn, 宋锐 ,8.6, 清华大学出版社 , 2007,121,39.90,《敏捷估计与规划》一书为对敏捷项目进行估计与规划提供了权威实际的指导方针。在本书中，敏捷联盟的共同创始人Mike Cohn讨论了敏捷估计与规划的思想，并使用... ,isbn9787302154808
504,互联网,谷歌分析宝典,（美）Feras Alhlou、（美）Shiraz Asif、（美）Eric Fettman, 宋星 ,8.2, 机械工业出版社 , 2019,10,135.00,这是一本完整介绍谷歌分析工具（Google Analytics）功能和报告的指南，先概括性地介绍报告的功能，然后介绍衡量的策略，再介绍账户的建立和跟踪代码的... ,isbn9787111612056
505,互联网,数据时代的经济学：对网络智能时代机遇和风险的再思考,唐·泰普史考特（Don Tapscott）, 毕崇毅 ,7.8, 机械工业出版社 , 2016,20, 65.00,"本书站在经济学的高度颇具预见性地展示了互联网经济的发展之路。
本书覆盖了以下几方面内容
罗纳德·科斯的制度经济学理论是如何影响了整个互联网经济的制度框架设计... ",isbn9787111533450
506,互联网,小圈子·大社交,Paul Adams, 王志慧 ,7.8, 人民邮电出版社 , 2013,197,29.00,"为什么无数新创企业以失败告终？
为什么天才点子、完美计划和完美的执行是导致失败的关键？
颠覆性、创造性、混乱状况是否可以加以管理？
Facebook在6年间... ",isbn9787115296818
507,互联网,代码2.0,（美）劳伦斯·莱斯格, 李旭、沈伟伟 ,5.6, 清华大学出版社 , 2009,54,48.00,"中国进入新常态，李克强总理制定*“互联网+”行动计划以推动经济进一步发展，并认为站在“互联网+”风口顺势而为，可以使经济飞起来。
《互联网+：国家战略行动路... ",isbn9787302200369
id,类型,书籍名称,作者,译者,豆瓣评分,出版社,出版日期,评价人数,价格,简介,isbn
514,互联网,UI设计黄金法则,[美]拉杰•拉尔, 王军锋、高弋涵、饶锦锋 ,6.7, 中国青年出版社 , 2014,60,69.80,"	全方位、多角度解读UI设计
	详述不可或缺的UI专业技术知识
	指明影响用户体验的多种要素
	提出大量宝贵的UI设计黄金法则
	每一种产品类型均... ",isbn9787515326658
515,互联网,用户体验设计,[瑞典] 乔尔·马什, 王沛 ,8.7, 人民邮电出版社 , 2018,16,59.00,本书共包含100个小课程，被归到不同的章节中，课程的顺序大致遵循真实项目中用户体验设计的实际流程，涵盖与用户体验相关的常见话题，包括：用户体验常识和基本概念... ,isbn9787115480224
516,互联网,引爆点,[美] 马尔科姆·格拉德威尔, 钱清、覃爱冬 ,7.6, 中信出版社 , 2009,6505,27.00,我们的世界看上去很坚固，但在《纽约客》怪才格拉德威尔的眼里，只要你找到那个点，轻轻一触，这个世界就会动起来：一位满意而归的顾客能让新开张的餐馆座无虚席，一位... ,isbn9787508615820
517,互联网,产品经理的第二本书,[美] 哥乔斯, 戴维侬 ,7.5, 中国财政经济出版社 , 2004,243,39.80,产品经理的第二本书：产品经理实战技巧指南，ISBN：9787500570950，作者：（美）琳达·哥乔斯（Linda Gorchels）著；戴维侬译；戴维侬... ,isbn9787500570950
518,互联网,信息的骨头——数字时代的精准传播,[英]西奥•西奥博尔德（Theo Theobald）著；, 陈志伟、刘声峰 ,7.5, 电子工业出版社 , 2014,22,48.00,"社交媒体的出现已经改变了传播业的格局，并且越来越多的消费者开始面临信息过载的问题。在数字时代，“少即是多”绝对是至理名言。
本书是有关企业传播内容的口碑之作... ",isbn9787121232497
519,互联网,奔跑吧，程序员,[美]叶夫根尼·布里克曼（Yevgeniy Brikman）, 吴晓嘉 ,8.3, 人民邮电出版社 , 2018,18,99.00,本书以软件工程师出身的创业者的角度，全面介绍了创业公司该如何打造产品、实现技术和建立团队，既是为创业者打造的一份实用入门指南，又适合所有程序员系统认识IT行... ,isbn9787115483669
id,类型,书籍名称,作者,译者,豆瓣评分,出版社,出版日期,评价人数,价格,简介,isbn
528,互联网,四维人类,(英)劳伦斯·斯科特, 祝锦杰 ,5.9, 浙江教育出版社 , 2018,16,79.90,"数字技术如何重新定义
我们的思维方式与生存方式？ ",isbn9787553678061
529,互联网,风投的选择,[印] Tarang Shah、[印] Sheetal Shah, 袁国忠 ,6.8, 人民邮电出版社 , 2013,26,69.00,本书作者采访了投资界最杰出的风险投资人，如Roelof Botha、Mike Maples、Randy Komisar等，讲述了他们发现前途无量的市场、产品... ,isbn9787115326058
530,互联网,金融科技发展报告(2018)/零壹财经书系,总主编:柏亮,  ,8.2, 中国经济 , 2019,10,68.00,金融如何创新，风险就会如何“创新”。金融发展的速度，也是风险积聚的速度，市场对新金融的热情，也是对风险敞开的大门。技术本身是中立的，它被一些人用于金融创新，... ,isbn9787513655002
531,互联网,改变未来的九大算法,[美] 约翰.麦考密克, 管策 ,8.4, 中信出版社 , 2013,337,39.00,"Google得出的搜索结果是如何产生的？
百度为何会陷入“搜索门”，又是什么机制使然？
身处在大数据时代的我们，究竟该如何应对变化莫测的世界？
……
没有满... ",isbn9787508639017
532,互联网,PHP和MySQL,Luke Welling、Laura Thomson, 武欣 ,8.2, 机械工业出版社 , 2009 ,781,95.00,本书将PHP开发与MySQL应用相结合，分别对PHP和MySQL做了深入浅出的分析，不仅介绍PHP和MySQL的一般概念，而且对PHP和MySQL的Web应... ,isbn9787111262817
533,互联网,原則,Ray Dalio, 陳世杰、諶悠文、戴至中 ,8.7, 商業周刊 , 2018,74,600,瑞．達利歐出身美國普通中產家庭，26歲時被投資公司炒魷魚，在自己的兩房公寓室白手起家創辦了橋水，並在接下來超過42年裡，把橋水打造成了獲《財星》（Fortu... ,isbn9789867778178
534,互联网,软件随想录,Joel Spolsky, 阮一峰 ,7.8, 人民邮电出版社 , 2009 ,2258,49.00,本书是一本面向电商运营经理的实操方法手册。 这本书的作者曾是资深的电商运营经理， 拥有丰富的电商运营实操经验， 他通过电商运营经验的总结以及实践案例的分析，... ,isbn9787115216342
535,互联网,社群运营的艺术,查尔斯·沃格, 靳婷婷 ,7.1, 华夏出版社 , 2017,57,42,"Nationalism, in China as much as elsewhere, is today adopted, filtered, transf... ",isbn9787508092317
id,类型,书籍名称,作者,译者,豆瓣评分,出版社,出版日期,评价人数,价格,简介,isbn
542,互联网,超越孤独,李.雷尼、巴里.威尔曼, 杨伯溆、高崇 等 ,6.3, 中国传媒大学出版社 , 2015,32, 68.00,这是一本关于搜索引擎的教科书，它从研究实践者的角度介绍了搜索引擎的相关技术及其产业，并试图协助读者成为搜索引擎领域的局内人。与传统的将搜索引擎作为信息检索系... ,isbn9787565710261
543,互联网,Google软件测试之道,James A. Whittaker、Jason Arbon、Jeff Carollo, 黄利、李中杰、薛明 ,8.2, 人民邮电出版社 , 2013,344,59.00,科技延伸媒介，移动互联网技术催生了微信等各种新的媒体；媒介更新人文，新媒介让互联网重回社群时代；人文重塑商业规则，社群时代的商业模式与法则究竟是怎样的？我们... ,isbn9787115330246
544,互联网,SEO艺术,Eric Enge、Stephan Spencer、Rand Fishkin, 昝辉 ,9.4, 电子工业出版社 , 2012,103,89.00,打开支付宝，我们不但可以用手机即时付款，给好友转账，为信用卡还款，购买水、电、天然气，还可以办理出国购物退税；因为余额宝，我们可以开始打理手中的零用钱，随时... ,isbn9787121161599
545,互联网,游戏设计艺术（第2版）,【美】 Jesse Schell（杰西•谢尔）, 刘嘉俊 等 ,7.8, 电子工业出版社 , 2016,251,168.00,"新浪网总编辑陈彤论述：新浪之道！
中国网络新闻传播业经过第一个十年的历程，网络新闻已经成为中国人生活中的一个日渐重要的元素，新浪在虚拟世界中创造了一个具有现... ",isbn9787121282669
546,互联网,测出转化率：营销优化的科学与艺术,"【美】高尔德（Goward,C.）", 谭磊、唐捷译 ,6.8, 电子工业出版社 , 2014,29,68.00,本书中利用循序渐进的手法深入剖析了框架化体系的各个组成部分，让读者了解到框架化体系的哪些部分可以“一劳永逸”，哪些部分又需要“推陈出新”。同时通过大量成功与... ,isbn9787121244568
547,互联网,网站设计解构,"[美] Robert Hoekman,Jr.、[美] Jared Spool", 向怡宁 ,8.2, 人民邮电出版社 , 2010,387,59.00,越来越多的关键应用现在已经迁移到网站上，这些Web应用的安全已经成为各机构的重要挑战。知己知彼，方能百战不殆。只有了解Web应用程序中存在的可被利用的漏洞和... ,isbn9787115233752
id,类型,书籍名称,作者,译者,豆瓣评分,出版社,出版日期,评价人数,价格,简介,isbn
556,互联网,隐私不保的年代,［美］丹尼尔•沙勒夫, 林铮顗 ,7.2, 江苏人民出版社 , 2011,82,32.00,"风靡全球的网络隐私安全圣经
高危信息生态环境的生存指南
这是一部及时、生动、富有启发性的著作，可以改变人们对隐私、名声以及互联网上的言论的看法。丹尼尔•沙勒... ",isbn9787214076540
557,互联网,一个媒体推手的自白,瑞安·霍利迪, 潘丽君 ,7.4, 广东人民出版社 , 2013,259,38.00,《一个媒体推手的自白:揭露营销神话背后的真相》内容简介：媒体世界并不是非黑即白，它存在着大量的灰色地带，而顶级的媒体推手们总能从简单的事件里嗅出商机和唾手可... ,isbn9787218086408
558,互联网,情感化设计,[美] Donald A.Norman；, 付秋芳、程进三 ,8.1, 电子工业出版社 , 2005,2208,36.00,本书示例丰富，图文并茂，以让人容易理解的方式阐释了算法，旨在帮助程序员在日常项目中更好地发挥算法的能量。书中的前三章将帮助你打下基础，带你学习二分查找、大O... ,isbn9787121009402
559,互联网,算法图解,[美] Aditya Bhargava, 袁国忠 ,8.4, 人民邮电出版社 , 2017,1041,49.00,"在移动互联网高度发达的今天，一个个APP，成为我们通向网络世界的窗口。它的诞生流程，令不少对互联网世界产生幻想甚至试图投身其中的年轻人充满了好奇。
《一个A... ",isbn9787115447630
560,互联网,数码人类学,[英]丹尼尔·米勒、希瑟·A.霍斯特, 王心远 ,7.5, 人民出版社 , 2014,50,48.00,In a marketplace that depends so thoroughly on cutting-edge information techno... ,isbn9787010134192
561,互联网,Web界面设计,Bill Scott、Theresa Neil, 李松峰 ,8.7, 电子工业出版社 , 2009年7月 ,607,80.00,作者粥左罗在刚入行做新媒体的一年时间里，就写了100篇阅读量10万+的公众号文章，但是在此之前，他足足花了两个月的时间研究公众号运营和爆款文章的逻辑和打法。... ,isbn9787121091674
562,互联网,集体智慧编程,TOBY SEGARAN, 莫映、王开福 ,9.0, 电子工业出版社 , 2009,1412,59.80,"关于互联网知识付费的首部作品
知识工作正在被重塑，知识经济正在开启互联网时代下半场
为你展现互联网知识经济全景大图，解读新物种的前世今生
内容简介
一个产业... ",isbn9787121075391
563,互联网,一键下单,[美] 理查德·勃兰特, 马志彦 ,4.2, 中信出版社 , 2013,669,36.00,《从零开始做产品经理：产品经理的第一本书》根据产品经理的能力需求与成长体系，共分为八章内容，从了解产品开始，到挖掘用户需求、进行产品设计、管理团队、进行项目... ,isbn9787508637464
id,类型,书籍名称,作者,译者,豆瓣评分,出版社,出版日期,评价人数,价格,简介,isbn
578,互联网,颠覆定律:指数级增长时代的新规则,拉里•唐斯, 刘睿 ,6.2, 浙江人民出版社 , 2014,22,52.90,●商业与技术领域最重要的五部作品之一、超级畅销书《释放杀手级应用》作者拉里•唐斯力作。摩尔定律、梅特卡夫定律和颠覆定律是当今的数字生活中起决定作用的三大定律... ,isbn9787213062339
579,互联网,企鹅与怪兽,[美]尤查•本科勒（Yochai Benkler）, 简学 ,7.3, 浙江人民出版社 , 2013,78,52.9,"[内容简介]
★哈佛大学教授、著名互联网思想家、哈佛大学伯克曼互联网与社会研究中心主任、TED演讲人尤查•本科勒最新力作。
★“企鹅”寓意开放、分享、合作；... ",isbn9787213056895
580,互联网,Web应用安全权威指南,德丸浩, 赵文、刘斌 ,8.2, 人民邮电出版社 , 2014,36,79,《web应用安全权威指南》系日本web安全第一人德丸浩所创，是作者从业多年的经验总结。作者首先简要介绍了web应用的安全隐患以及产生原因，然后详细介绍了we... ,isbn9787115370471
581,互联网,产品经理手册（原书第4版）（白金版）,[美] 琳达·哥乔斯(Linda Gorchels), 祝亚雄、冯华丽、金骆彬 ,7.9, 机械工业出版社 , 2017,14,65.00,"产品经理的职责起点是新产品开发，贯穿产品生命周期的全过程。本书按上下游产品管理进行组织。
在上游的新产品开发流程中，作者阐述了如何从市场、产品、行业、公司的... ",isbn9787111570608
582,互联网,谷歌化的反思,（美）希瓦· 维迪亚那桑, 苏健 ,7.7, 浙江人民出版社 , 2014,27,45.90,●我们可能视谷歌为救世主，但是它却像恺撒般统治着世界。网络的神话导致我们假设那是个疯狂的、无法管理的领域，这真的是错得离谱。不久前网络还存在着权力真空，但是... ,isbn9787213061103
583,互联网,商业秀,（美）斯科特·麦克凯恩, 王楠岽、徐化 ,7.7, 中信出版社 , 2003,199,23.00,你的企业到底在生产产品，还是在生产生活方式？你是在销售物质提供服务，还是在销售氛围和提供情感体验？如果企业家的思考这们的问题，并且看到那些真正成功的企业的需... ,isbn9787800739965
584,互联网,无界面交互,[美]Golden Krishna, 杨名 ,7.0, 人民邮电出版社 , 2017,151,49.00,"“真希望在硅谷工作的人们已经读过这本书了。”——Doug LeMoine，Cooper总经理
“这本书的写作看似随意，字里行间却透着一种辛辣、幽默的反叛精神... ",isbn9787115441881
585,互联网,视觉内容营销,(美)斯蒂芬·甘布尔, 邱墨楠 ,6.2, 中信出版社 , 2017,17,58.00,《视觉内容营销：利用信息图表、视频和互动媒体吸引和留住客户》信息图表、交互式象形图、动画及数据驱动的可视化作品增强了商业沟通的效果，并因此在传达真正的商业价... ,isbn9787508672908
586,互联网,KK三部曲,（美）凯文·凯利（Kevin Kelly）, 张行舟 ,8.5, 中信出版社 , 2015,110,80.00,《失控 全人类的*终命运和结局》这是《黑客帝国》主要演员的必读物之一，这本关于机器、系统、生物和社会的“大部头”，揭示了社会进化、特别是互联网发展的“先知预... ,isbn9787915001070
587,互联网,社会工程,海德纳吉 (Christopher Hadnagy), 陆道宏、杜娟、邱璟 ,7.8, 人民邮电出版社 , 2013,336,59.00,本书首次从技术层面剖析和解密社会工程手法，从攻击者的视角详细介绍了社会工程的所有方面，包括诱导、伪装、心理影响和人际操纵等，并通过凯文 · 米特尼克等社会工... ,isbn9787115335388
588,互联网,Git团队协作,[加] Emma Jane Hogbin Westby, 童仲毅 ,7.1, 人民邮电出版社 , 2017,26,69.00,本书是一本软件团队协作指南，采用以人为本的方式讲解版本控制，强调如何利用Git促进团队协作。第一部分介绍如何创建一个优秀的团队、如何构建工作流等。第二部分从... ,isbn9787115454676
589,互联网,第三次浪潮,[美] 阿尔温·托夫勒, 朱志焱、潘琪 ,8.5, 生活·读书·新知三联书店 , 1983,457,1.65,托夫勒在20多年前预见的未来是：跨国企业将盛行；电脑发明使SOHO（在家工作）成为可能；人们将摆脱朝九晚五工作的桎梏；核心家庭的瓦解；DIY（自己动手做）运... ,
590,互联网,玻璃笼子,[美]尼古拉斯·卡尔, 杨柳 ,6.7, 中信出版社 , 2015,255,49.00,这是一本关于自动化的书，它提醒我们自动化对人类的影响，人们心安理得享受技术带来的便利却忽视了，它已经渗透进了生活和工作改变了我们的思维和认知方式。商家在设计... ,isbn9787508655628
591,互联网,计算机组成与设计（原书第5版）,戴维 A.帕特森 (David A.Patterson)、约翰 L.亨尼斯 (John L.Hennessy), 王党辉、康继昌、安建峰 ,9.4, 机械工业出版社 , 2015,122,99.00,《计算机组成与设计：硬件/软件接口（原书第5版）》是计算机组成与设计的经典畅销教材，第5版经过全面更新，关注后PC时代发生在计算机体系结构领域的革命性变革—... ,isbn9787111504825
id,类型,书籍名称,作者,译者,豆瓣评分,出版社,出版日期,评价人数,价格,简介,isbn
599,互联网,SRE,贝特西 拜尔 (Betsy Beyer)、等, 孙宇聪 ,9.0, 电子工业出版社 , 2016,248, 108.00,大型软件系统生命周期的绝大部分都处于“使用”阶段，而非“设计”或“实现”阶段。那么为什么我们却总是认为软件工程应该首要关注设计和实现呢？在《SRE：Goog... ,isbn9787121297267
600,互联网,拇指一代,[法]米歇尔•塞尔（Michel Serres）, 谭华 ,7.2, 华东师范大学出版社 , 2015,75,29.80,西方社会已经经历了两次信息传播的重大变革：第一次——从口述到手写，第二次——从手写到印刷。现在，则是第三次变革——从印刷到新科技。每一次变革都伴随着政治和社... ,isbn9787567528703
601,互联网,黑客攻防技术宝典（第2版）,[英] Dafydd Stuttard、[英] Marcus Pinto, 石华耀、傅志红 ,8.5, 人民邮电出版社 , 2012,135,99.00,"内容简介：
Web应用无处不在，安全隐患如影随形。承载着丰富功能与用途的Web应用程序中布满了各种漏洞，攻击者能够利用这些漏洞盗取用户资料，实施诈骗，破坏其... ",isbn9787115283924
602,互联网,设计师要懂心理学,[美] Susan Weinschenk, 徐佳、马迪、余盈亿 ,7.6, 人民邮电出版社 , 2013,1322,49.00,《设计师要懂心理学》出自国际知名的设计心理学博士Susan M. Weinschenk之手，内容实用，示例清晰，以创造美观实用的设计为宗旨，讨论了设计师必须... ,isbn9787115313089
603,互联网,人工智能时代,[ 美]杰瑞•卡普兰（Jerry  Kaplan）, 李盼 ,7.6, 浙江人民出版社 , 2016,445, 59.90,"	当机器人霸占了你的工作，你该怎么办？机器人犯罪，谁才该负责？人工智能时代，人类价值如何重新定义？
	在《人工智能时代》一书中，智能时代领军人、硅谷连续... ",isbn9787213072604
604,互联网,大学的终结,[美] 凯文·凯里（Kevin Carey）, 朱志勇、韩倩 ,7.1, 人民邮电出版社 , 2017,86,59.00,"你了解目前全球高等教育的现状吗？你知道高等教育的未来是什么样的吗？你听说过泛在大学吗？翻开本书，了解大学的过去、现在与未来。
《大学的终结：泛在大学与高等教... ",isbn9787115441218
605,互联网,数据之美,邱南森 (Nathan Yau), 张伸 ,7.6, 中国人民大学出版社 , 2014,299, 89.00,"阿里巴巴云上数据中台正服务着阿里生态中的数十个业务板块、百余家公司、千万级客户，在帮助决策层看清甚至决定业态走向的同时，在上万个业务场景中应用并催生创新。
... ",isbn9787300186122
id,类型,书籍名称,作者,译者,豆瓣评分,出版社,出版日期,评价人数,价格,简介,isbn
614,互联网,网络的力量,[美] 克里斯托弗·G.布林顿（Christopher G. Brinton）、[美]蒋濛（Mung Chiang）, 万锋 ,7.6, 中信出版集团 , 2018,14,72,"软件质量，不但依赖于架构及项目管理，而且与代码质量紧密相关。这一点，无论是敏捷开发流派还是传统开发流派，都不得不承认。
本书提出一种观念：代码质量与其整洁度... ",isbn9787508683393
615,互联网,代码整洁之道,[美]Robert C. Martin, 韩磊 ,8.6, 人民邮电出版社 , 2010,1400,59.00,当下，面对互联网用户获客成本和流失率越来越高的情况，互联网用户运营人员的挑战也越来越艰巨。本书深度分析了什么是用户运营，整理了用户运营中常见的缩写词语意义，... ,isbn9787115216878
616,互联网,服务设计与创新实践,宝莱恩 (Andy Polaine)、乐维亚 (Lavrans Lovlie)、里森 (Ben Reason), 王国胜、张盈盈、付美平、赵芳 ,7.7, 清华大学出版社 , 2015,124, 69.00,"本书是“Historicizing Online Politics :Telegraphy, the Internet and Political Part... ",isbn9787302396550
617,互联网,中国网络政治的历史考察,[美] 周永明, 尹松波、石琳 ,8.7, 商务印书馆 , 2013,85,20.00,在过去15年中，技术变革创造了制作、发行音乐和电影的各种新方式。娱乐业的生产者和消费者都从新体系中获益匪浅。可悲的是，迄今为止我们还没有把握往这这些机会。与... ,isbn9787100096218
618,互联网,说话算数,[美]威廉·W·费舍尔, 李旭 ,7.2, 上海三联书店 , 2008年3月 ,53,35.00,本书是从理论到实践的全面且细致的企业数据驱动指南，从作者的百度大数据工作说起，完整还原其从零到一构建百度用户行为大数据处理平台经历。详解大数据本质、理念与现... ,isbn9787542627278
619,互联网,创业者手册,[美] 史蒂夫·布兰克、[美] 鲍勃·多夫, 新华都商学院 ,7.6, 机械工业出版社 , 2013,207,89.00,本书描绘了1994年以来在硅谷这个世界闻名的美国高科技产业区，几家著名大企业（微软、网景、太阳、圣言、美国在线……）间展开的商业竞争。这里有围绕浏览器的明争... ,isbn9787111405306
620,互联网,About,[美] 艾伦·库伯、[美] 罗伯特·瑞宁、[美] 大伟·克洛林, 刘松涛 ,7.8, 电子工业出版社 , 2012,466,98.00,"这是一本图文并茂的网络管理技术书籍，旨在让广大读者理解TCP/IP的基本知识、掌握TCP/IP的基本技能。
书中讲解了网络基础知识、TCP/IP基础知识、数... ",isbn9787121157400
621,互联网,图解TCP/IP,[日]竹下隆史、[日]村山公保、[日]荒井透、[日]苅田幸雄, 乌尼日其其格 ,7.9, 人民邮电出版社 , 2013,755,69.00,The “work from home” phenomenon is thoroughly explored in this illuminating ne... ,isbn9787115318978
id,类型,书籍名称,作者,译者,豆瓣评分,出版社,出版日期,评价人数,价格,简介,isbn
630,互联网,项目管理之美,Scott Berkun, 李桂杰、黄明军 ,7.9, 机械工业出版社 , 2009,201,59.00,通过本书，你可以从一位经验丰富、从事多年软件开发和Web开发的经理那里学习如何计划、管理和领导项目。书中的那些宝贵而有用的建议，是作者十多年经验的积累，从很... ,isbn9787111259527
631,互联网,用户体验方法论,[美]卢克·米勒, 王雪鸽、田士毅 ,5.8, 中信出版集团 , 2016,98,45.00,"周鸿祎**亲笔作序推荐的用户体验指南，极力推荐360集团产品经理内部传阅；
用户体验设计的入门级作品，《华尔街日报》、雅虎财经用户体验设计师诚意之作，*懂用... ",isbn9787508657462
632,互联网,未来医疗,【美】埃里克•托普 （Eric Topol）, 郑杰 ,6.8, 浙江人民出版社 , 2016,116,69.90,在传统医学中，医生是上帝，是权威，拥有至高无上的解释权和裁决权，面对疾病，患者总是被动接受，为医命是从。而在大数据时代下，医疗领域将发生颠覆性的变化，以患者... ,isbn9787213072628
633,互联网,Web安全测试,霍普(Paco Hope)、沃尔瑟(Ben Waltber), 傅鑫 ,7.3, 清华大学出版社 , 2010,98,39.00,《Web安全测试》内容简介：在你对Web应用所执行的测试中，安全测试可能是最重要的，但它却常常是最容易被忽略的。《Web安全测试》中的秘诀演示了开发和测试人... ,isbn9787302219682
634,互联网,Google将带来什么?,杰夫·贾维斯, 陈庆新、赵艳峰、胡延平 ,7.6, 中华工商联合出版社 , 2009,990,39.00,《Google将带来什么?》是一本大胆探索、至关重要的书籍，追寻当今世界最紧迫问题的答案：Google将带来什么？在兼具预言、宣言、思想探险和生存手册性质的... ,isbn9787802491502
635,互联网,引爆点,[美] 马尔科姆·格拉德威尔, 钱清、覃爱冬 ,7.8, 中信出版社 , 2006,2351,29.80,这本书是《纽约客》杂志专职作家马尔科姆·格拉德威尔的一部才华横溢之作。他以社会上突如其来的流行风潮研究为切入点，从一个全新的角度探索了控制科学和营销模式。他... ,isbn9787508605463
636,互联网,谷歌方法,【美】比尔•基尔迪（Bill Kilday）, 夏瑞婷 ,8.9, 中信出版集团 , 2019,10,69.80,"继《重新定义公司》《重新定义团队》之后，谷歌重磅作品《谷歌方法》强势来袭。
作为全球顶级的科技公司之一，谷歌成功的核心方法在于吸引创意精英、提供平台、打造卓... ",isbn9787521705003
637,互联网,第七感,乔舒亚·库珀·雷默, 罗康琳 ,7.5, 中信出版集团股份有限公司 , 2017,181,69,乔舒亚·库珀·雷默，全球知名的思想家、第七感理念的实践者、中国问题专家，首次提出新时代人人必备的感知能力——“第七感”，即对互相连接的世界的感知力。他认为，... ,isbn9787508665078
id,类型,书籍名称,作者,译者,豆瓣评分,出版社,出版日期,评价人数,价格,简介,isbn
644,互联网,思想的未来,（美）劳伦斯﹒莱斯格, 李旭 ,8.2, 中信出版社 , 2004,181,29.00,"因特网革命已到来，一些人说它已经过去，革命缘何而来？又缘何而去呢？
    劳伦斯·莱斯格对因特网革命中为何会出现一种反革命的破坏性力量及后果做出了解释。创... ",isbn9787508601250
645,互联网,利用Python进行数据分析,Wes McKinney, 唐学韬 ,8.5, 机械工业出版社 , 2013,1050,89.00,"【名人推荐】
“科学计算和数据分析社区已经等待这本书很多年了：大量具体的实践建议，以及大量综合应用方法。本书在未来几年里肯定会成为Python领域中技术计算... ",isbn9787111436737
646,互联网,互联网创业启示录,沃尔什, 曹铁鸥 ,7.1, 人民邮电 , 2011,91,59.00,《互联网创业启示录》是一部互联网公司的创业指南，内容涉及网站创业的现状和机遇、创业公司价值、平台选择、工具和群组、资金的筹集、管理和盈利、社会化媒体环境、行... ,isbn9787115252722
647,互联网,极客与团队,[美]Brian W. Fitzpatrick,Ben Collins-Sussman ,8.2, 徐旭铭 , 人民邮电出版社 ,305,2012-3 / 29.00,互联网也许是20世纪信息技术革命留下的最重要的也是最有影响的成果。互联网的广泛运用不仅极大地推进了科技和经济的发展，而且还对人们的认知形式和渠道、思维观念和... ,isbn9787115308443
648,互联网,资源革命,斯蒂芬·赫克（Stefan Heck）、马特·罗杰斯（Matt Rogers）、保罗·卡罗尔（Paul Carroll）, 粟志敏 ,7.0, 浙江人民出版社 , 2015,208, 56.90,本書作者有「網際網路時代最重要的智慧財產權思想家」之稱（《紐約客雜誌》〔The New Yorker〕語），亦經常被視為文化環境主義者（cultural e... ,isbn9787213067648
649,互联网,Python网络编程（第3版）,[美] Brandon Rhodes、[美] John Goerzen, 诸豪文 ,9.0, 人民邮电出版社 , 2016,50,79.00,互联网史脉络庞杂、人物众多、事件纷呈、细节繁碎，而且又会涉及到大量技术知识，要写出一本“通史”来，难度可见一斑。本书别出心裁地从“概念”角度接入，通过一个互... ,isbn9787115433503
id,类型,书籍名称,作者,译者,豆瓣评分,出版社,出版日期,评价人数,价格,简介,isbn
656,互联网,重来2,[美] 贾森·弗里德、[美] 戴维·海涅迈尔·汉森, 苏西 ,7.3, 中信出版社 , 2014,601,39.00,"“不再需要办公室”，这不仅仅是未来才有的事——它已经发生了。现在，轮到你迈开脚步，跟上时代的步伐了。
上百万的员工和成千上万的企业已经发现了远程工作的乐趣和... ",isbn9787508632032
657,互联网,免费,克里斯•安德森, 蒋旭峰、冯斌、璩静 ,7.7, 中信出版社 , 2012,466,68.00,一种商业模式既可以统摄未来的市场，也可以挤垮当前的市场——在我们这个现代经济社会里，这并不是一件不可能的事情。 “免费”就是这样的一种商业模式，它所代表的正... ,isbn9787508634395
658,互联网,创客,克里斯·安德森, 萧潇 ,7.2, 中信出版社 , 2012,950,45.00,"★《长尾理论》、《免费》作者克里斯•安德森最新作品
★ 创客运动，一场即将到来的革命
★	编辑推荐：
这是一场即将到来的革命。
这是一个创客的时代，他们引领... ",isbn9787508636245
659,互联网,移动应用UI设计模式,[美] Theresa Neil、Theresa Neil, 王军锋、郭偎、武艳芳 ,7.5, 人民邮电出版社 , 2013,351,49.00,"内容简介：
当你迫于压力，要制作出设计精良、易于使用的移动应用时，根本就没时间进行完全的创新。这本简要的手册提供了70多种移动应用设计模式作为参考，包括了从... ",isbn9787115296481
660,互联网,斯诺登档案,[英] 卢克·哈丁（Luke Harding）, 何星 周仁华 李广才 花爱萍 孙志明  译 ,9.4, 金城出版社 , 2014,116,35.00,"“我不想生活在这样的世界：我说的每句话，我做的每件事，跟我谈话的每一个人，我的一切创意，我的爱情和友谊的表达，这所有一切都被记录。”
——爱德华•斯诺登
★... ",isbn9787515510231
661,互联网,孵化Twitter,[美]尼克·比尔顿(Nick Bilton), 欧常智、张宇、单旖 ,4.7, 浙江人民出版社 , 2014,490,49.90,"一个在挣扎中生存的博客平台Odeo，一小撮龙蛇混杂的无政府主义者员工，经历了怎样的涅槃，摇身一变，成为纽交所最闪耀的上市企业Twitter？
一个野心勃勃的... ",isbn9787213058523
id,类型,书籍名称,作者,译者,豆瓣评分,出版社,出版日期,评价人数,价格,简介,isbn
668,互联网,搜,（美）约翰·巴特利, 张岩、魏平 ,7.9, 中信出版社 , 2006,663,35.00,这个世界需要什么？如何任何一家公司能回答好这个问题，它就掌握了控制商业社会，乃至整个人类文明的万能钥匙。在过去的几年中，Google正在为获得这把钥匙而努力... ,isbn9787508605661
669,互联网,重返小王国,迈克尔·莫里茨, 梁卿 ,6.2, 中信出版社 , 2010,127,46.00,20 世纪 80 年代初，迈克尔•莫里茨还是《时代》周刊的一名记者，史蒂夫•乔布斯前所未有地给予了他不受限地接近自己的生活以及苹果公司所有方面的自由。乔布斯... ,isbn9787508624884
670,互联网,机器人与人,［美］约翰·乔丹, 刘宇驰 ,7.7, 中国人民大学出版社 , 2018,10,49,机器人已经大规模地进入商业化应用、政府管理等领域，甚至走入寻常百姓家，这些都已经不存在技术上的障碍。当机器人更直接且显著地影响数百万人的生活时，在机器人设计... ,isbn9787300257372
671,互联网,计算机网络,Andrew S. Tanenbaum, 潘爱民 ,7.6, 清华大学出版社 , 2004,878,60.00,《计算机网络（第4版）》全书按照网络协议模型（物理层、数据链路层、介质访问控制子层、网络层、传输层和应用层），自下而上系统地介绍了计算机网络的基本原理，并给... ,isbn9787302089773
672,互联网,网站运维,阿尔斯帕瓦、罗宾斯, 杨建华 ,6.8, 电子工业出版社 , 2011,57,49.00,《网站运维:保持数据实时的秘技》的各位合作者以自己的亲身经历，从不同的侧面讲述了一个正在发展中的新兴技术领域——网站运维：职业特点、技术架构、测量与监控、开... ,isbn9787121141638
673,互联网,分享经济的爆发,阿鲁·萨丹拉彻, 周恂 ,7.2, 文汇出版社 , 2017,214,59.00,"◆了解分享经济，读这本就够了！解读了全球几乎所有成功的分享经济案例。
◆国家多次提出“发展分享经济”“分享经济是经济新常态的国家战略”。
◆全球分享经济泰斗... ",isbn9787549620104
id,类型,书籍名称,作者,译者,豆瓣评分,出版社,出版日期,评价人数,价格,简介,isbn
683,互联网,财富的尽头,保罗•盖蒂 (Paul Getty), 殷亚敏、王永生、刘淳 ,8.4, 知识产权出版社 , 2013,16,39.00,在这本直言不讳而又充满睿智的自传中，著名的石油大亨保罗·盖蒂向人们展示了一个变幻莫测的20世纪，正如书中所述，“这是人类历史上最令人欢欣鼓舞、最振奋人心的8... ,isbn9787513014748
684,互联网,比特之城,威廉・J・米切尔, 范海燕,6.8,胡泳 , 三联书店 ,50,1996-07 / 11.50,未来信息时代的城市是什么样的？构成城市肌理的建筑又以怎样的面貌呈现？本书从电子会场、电子公民、比特业等多角度， 既系统又深入浅出地勾勒了被信息高速公路所连结... ,isbn9787108013309
685,互联网,智能,[法]弗雷德里克·马特尔, 君瑞图、左玉冰 ,8.8, 商务印书馆 , 2015,37,59.90,"揭示数字化主流大趋势的最新权威论著
《主流》作者的最新力作！与法国秋季新版同步上市！
面对数字化时代的到来，美国、欧盟、中国、俄罗斯、印度、巴西、古巴、伊朗... ",isbn9787100114325
686,互联网,守護程序,Daniel Suarez, 黃維德 ,7.1, 貓頭鷹 , 2011,25,399,"兇手已經死了，為什麼兇案還在繼續發生？
這不是小說，這是現實！
每台電腦必備的守護程式Daemon，操縱的不只是你的電腦，還有你的命……
平靜的加州小城千橡... ",isbn9789861207551
687,互联网,互联网治理全球博弈,【美】劳拉•德拉迪斯（Laura DeNardis）, 覃庆玲、陈慧慧 ,5.4, 中国人民大学出版社 , 2016,10,69.00,"习近平主席强调：各级领导干部要学网、懂网、用网。
建设网络强国必读
•互联网治理领域全球顶级学者重磅力作
•信息通信技术国家高端智库专业团队精心呈现，深谙技... ",isbn9787300229973
688,互联网,我用博客赚了6000万,加里·维纳查克, 钱锋^秦虞 ,7.4, 工商联 , 2011,40,26.00,"《我用博客赚了6000万》内容简介：他的激情是谈论葡萄酒，他的口头语是""拼命""，他的梦想是买下纽约喷气机队曾经。他是成功但名不见经传的葡萄酒零售商；现存，他... ",isbn9787802491564
689,互联网,Semantic,"Davies, J."," Studer, Rudi",7.8," Warren, Paul ", John Wiley & Sons ,10,2006-07-11 / USD 120.00,The Semantic Web combines the descriptive languages RDF (Resource Description ... ,isbn9780470025963
690,互联网,价值再定义(腾讯金融产品体验设计之道),腾讯FiT Design,  ,6.3, 电子工业 , 2018,15,81.0,《Scrum敏捷项目管理》探索Scrum的每一方面，包括科学原理、全新的项目角色及责任、ScrumMaster、产品负责人、如何有效管理未知因素和不断变化的... ,isbn9787121345623
691,互联网,Scrum敏捷项目管理,Ken Schwaber, 李国彪 ,7.8, 清华大学出版社 , 2007,142,29.00,《你拿什么吸引我:创业者必知的风投规则》作者卢爱芳，如果你身无分文、只有一个好的点子，你能找到合适的投资人帮你美梦成真吗？如果你已经做出了产品、准备开拓市场... ,isbn9787302164036
id,类型,书籍名称,作者,译者,豆瓣评分,出版社,出版日期,评价人数,价格,简介,isbn
697,互联网,网络价值-在客户制定规则的时代塑造市场,(美)约翰・哈格尔三世、马克・辛格, 董清,9.2,李哲,郝杰 ,10,科学经济出版社 / 2000-06-01 / 12.80,在这本被寄予厚望的新书中，畅销书《网络利益》的合著者约翰・哈格尔继续对我们所遵循 的假设提了质疑。假设的内容包括互联网如何推动、改变及重新定义商业的本质。在... ,isbn9787505819115
698,互联网,意愿经济,多克·希尔斯, 李小玉、高美 ,7.3, 电子工业出版社 , 2016,16,50,“走进客户的心”，这是在20世纪60年代市场理论掀起营销革命、关注消费者行为时广为流传的一句真经。但是，伟大的德鲁克在去世之前的一次采访中黯然承认，“这依然... ,isbn9787121279423
699,互联网,Scrum精髓,Kenneth Rubin, 姜信宝、米全喜、左洪斌、（审校）徐毅 ,7.9, 清华大学出版社 , 2014,91, 79.00,大数据作为继云计算、物联网之后IT行业又一颠覆性的技术，备受关注。大数据处不在，包括金融、汽车、零售、餐饮、电信、能源、政务、医疗、体育、娱乐等在内的社会各... ,isbn9787302363859
700,互联网,Java语言程序设计,（美）  Y. Daniel Liang, 李娜 ,8.0, 机械工业出版社 , 2011,242,75.00,当计算机可以模拟出全中国两亿投资者在过去一年的投资行为，可以在几秒钟之内把3200家上市公司的所有数据分析完时；当互联网使数千乃至数万人通过概率计算互保，并... ,isbn9787111340812
701,互联网,赢在设计,[美] 洛芙迪 (Lance Loveday)、[美] 尼豪斯 (Sandra Niehaus), 刘淼、枊靖、王卓昊 ,7.3, 人民邮电出版社 , 2010,117,55.00,本书的内容主要包含以下几部分：1） 架构设计基础，包括架构设计相关概念、历史、原则、基本方法，让架构设计不再神秘；2） 架构设计流程，通过一个虚拟的案例，描... ,isbn9787115229410
id,类型,书籍名称,作者,译者,豆瓣评分,出版社,出版日期,评价人数,价格,简介,isbn
709,互联网,引爆创意,[英]史蒂夫·哈里森, 杨凯、赵雯婧 ,8.2, 后浪 | 北京联合出版公司 , 2018,63,42.00,"讲述雷军20年中从打工者到职业经理人，再到投资家、创业家的职场历程。
这种经历国内绝无仅有，国内有媒体将其比作乔布斯，事实上他比“乔帮主”更精彩，乔是被董事... ",isbn9787559624093
710,互联网,我们改变了互联网，还是互联网改变了我们?,[美] 杰弗里·斯蒂伯, 李昕 ,7.3, 中信出版社 , 2010,124,29.00,微商不仅仅是一种继传统实体、电商之后的革命性新兴商业形态，更是一种能够写入中国商业史的思潮。龚文祥新著《微商思维》，从道的层面对广大微商人的商业实践智慧进行... ,isbn9787508623313
711,互联网,医疗革命：大数据与分析如何改变医疗模式,Krisa Tailor, 刘雁 ,5.8, 机械工业出版社 , 2016,26, 49.00,《微信改变世界》内容简介：“微信”，作为一种全新的社交工具，不仅改变了世界各国对中国本土互联网产品的看法，也创造出了全新的商业机会。《微信改变世界》以“微信... ,isbn9787111541370
712,互联网,即将到来的场景时代,罗伯特•斯考伯、谢尔•伊斯雷尔, 赵乾坤  周宝曜 ,6.1, 北京联合出版公司 , 2014,332,42,封面图片为英国伯明翰塞尔福瑞吉百货大楼，其极具线条感的轮廓外型优美，犹如水波的流动。其外表悬挂了1.5万个铝碟，创造出一种极具现代气息的纹理装饰效果，有如夜... ,isbn9787550228412
713,互联网,信息检索导论,Christopher D.Manning、Hinrich Schütze、Prabhakar Raghavan, 王斌 ,9.1, 人民邮电出版社 , 201008 ,244,69.00,区块链技术是21世纪的重大创新技术，它是数字化资产的分布式账本，是构建价值互联网的基石，是驱动分享经济发展的新引擎。《区块链：价值互联网的基石》回顾其发展历... ,isbn9787115234247
714,互联网,他山之石,[美] David Cohen、[美] Brad Feld, 傅尔也 ,7.2, 人民邮电出版社 , 2012,49,49.00,本书介绍了客户开发分析方法。该方法是一种验证产品和公司理念的方法，从而避免浪费数月时间和数百万资金解决没人需要的问题。通过客户开发，你将了解客户的行为，他们... ,isbn9787115276674
715,互联网,精益客户开发,[美] Cindy Alvarez, 雷　钰、边　蕤 ,8.0, 人民邮电出版社 , 2015,33,59.00,"★商业与文学的有机结合，真实与虚幻间嬉笑怒骂，幽默风趣、引人入胜、发人深省的商业小说。
★《纽约时报》《华尔街日报》《旧金山纪事报》Amazon畅销书，《财... ",isbn9787115405319
id,类型,书籍名称,作者,译者,豆瓣评分,出版社,出版日期,评价人数,价格,简介,isbn
723,互联网,软件架构,穆拉德·沙巴纳·奥萨拉赫（Mourad Chabane Oussalah）, 姚军 ,8.3, 机械工业出版社 , 2016,10,59.00,从20世纪70年代起，没有哪一个领域取得的成就能与计算机行业比肩，而在行业的发展中，计算机软件开发方法的变化有着最深远的意义。毫不夸张地说，我们这一代人无不... ,isbn9787111542643
724,互联网,企业应用架构模式,Martin Fowler, 王怀民、周斌 ,8.5, 机械工业出版社 , 2010,287,59.00,《企业应用架构模式》作者是当今面向对象软件开发的权威，他在一组专家级合作者的帮助下，将40多种经常出现的解决方案转化成模式，最终写成这本能够应用于任何一种企... ,isbn9787111303930
725,互联网,算法导论（原书第3版）,Thomas H.Cormen、Charles E.Leiserson、Ronald L.Rivest、Clifford Stein, 殷建平、徐云、王刚、刘晓光、苏明、邹恒明、王宏志 ,7.4, 机械工业出版社 , 2012,780,128.00,在有关算法的书中，有一些叙述非常严谨，但不够全面；另一些涉及了大量的题材，但又缺乏严谨性。本书将严谨性和全面性融为一体，深入讨论各类算法，并着力使这些算法的... ,isbn9787111407010
726,互联网,高性能网站建设指南,Steve Souders, 刘彦博 ,8.5, 电子工业出版社 , 2008年 ,959,35.00,本书结合Web 2.0以来Web开发领域的最新形势和特点，介绍了网站性能问题的现状、产生的原因，以及改善或解决性能问题的原则、技术技巧和最佳实践。重点关注网... ,isbn9787121066191
727,互联网,我們是誰？：大數據下的人類行為觀察,克里斯汀.魯德, 林俊宏 ,7.6, 馬可孛羅文化 , 2016,10,420,"你沒見過的大數據另一面，
美國知名社交網站創辦人用數學證實：
我們其實是這樣那樣的人。
臉書、推特、Reddit、T umblr、Instagram……等社... ",isbn9789865722906
728,互联网,注意力经济,[美] 托马斯·达文波特、[美] 约翰·贝克, 谢波峰 [等] ,7.0, 中信出版社 , 2004,92,29.00,《注意力经济》是第一本详细探讨注意力商业影响的书。它首次探索了正在蓬勃发展的注意力经济，并且勾画出一个组织如何应对它的计划。这项里程碑式的工作详细描述了如何... ,isbn9787800739361
729,互联网,过度互联,威廉姆·戴维德, 李利军 ,7.8, 中信出版社 , 2012,42,36.00,《过度互联》内容简介：网络使人类的连接更加紧密、方便，但人类社会的过度联接会加快信息的传播速度，使人类社会变得更加脆弱：危机事件不可控，地区性的问题扩大为全... ,isbn9787508634111
id,类型,书籍名称,作者,译者,豆瓣评分,出版社,出版日期,评价人数,价格,简介,isbn
738,互联网,生命3.0,[美] 迈克斯·泰格马克, 汪婕舒 ,8.4, 浙江教育出版社 , 2018,952,99.90,《生命3.0》一书中，作者迈克斯·泰格马克对人类的终极未来进行了全方位的畅想，从我们能活到的近未来穿行至1万年乃至10 亿年及其以后，从可见的智能潜入不可见... ,isbn9787553672786
739,互联网,计算机程序的构造和解释,Harold Abelson、Gerald Jay Sussman、Julie Sussman, 裘宗燕 ,9.5, 机械工业出版社 , 2004,2146,45.00,《计算机程序的构造和解释(原书第2版)》1984年出版，成型于美国麻省理工学院(MIT)多年使用的一本教材，1996年修订为第2版。在过去的二十多年里，《计... ,isbn9787111135104
740,互联网,离心力：互联网历史与数字化未来,[英] 乔尼·赖安（Johnny Ryan）, 段铁铮 ,8.8, 译言·东西文库,电子工业出版社 ,10,2018-2-1 / 68.00,"★一部详实、严谨的互联网史著作；
★哈佛、斯坦福等高校学生必读书目；
★《互联网的未来》作者乔纳森·L. 齐特雷恩，《独立报》《爱尔兰时报》等知名作者和国外... ",isbn9787121324864
741,互联网,流量的秘密,Brian Clifton, 王彦平 ,5.0, 人民邮电出版社 , 2012,91,59.00,你知道如何通过量化网站的各类数据来制定相应的营销方案吗？你知道有些看似不可以量化的网站信息也是可以量化的吗？哪种市场营销活动最有成效？如何量化这些效果？如何... ,isbn9787115278227
742,互联网,Java,"(美) 霍尔顿(Horton, I.)", 梁峰 ,7.5, 清华大学出版社 , 2012,14,118.00,"市场营销是爱客户呢，还是打败竞争对手？是爱情还是战争？
实际上，你对你的客户、竞争对手既有爱情又有战争。
本书第1版的面世给市场营销带来了一股清新的空气，其... ",isbn9787302289593
743,互联网,细节营销,柏唯良、Willem Burgers, 朱宇 ,5.6, 机械工业出版社 , 2009,908,36.00,"内在动机驱动，而非绩效考核驱动
尤其适用快速扩张和转型期组织
谷歌、英特尔、领英、推特、星佳等硅谷知名企业成功的法宝
OKR（目标与关键结果法）是一套严密的... ",isbn9787111271789
744,互联网,OKR：源于英特尔和谷歌的目标管理利器,（美） 保罗R.尼文（Paul R. Niven）、本•拉莫尔特（Ben Lamorte）, 况阳 ,6.5, 机械工业出版社 , 2017,388,59.00,"也许这是你有史以来所听说过的最伟大的革命，而它正潜伏在普通人的生活和视野中。
过去十多年来，硅谷“众神”已将我们自认为知道的关于“高性能”的每件事情都玩了个... ",isbn9787111572879
745,互联网,极简管理法则/泰普勒人生法则系列,【英】理查德·泰普勒（Richard Templar）, 傅婧瑛 ,6.6, 人民邮电出版社 , 2017,40,49.00,当互联网与数据终端合为一体，就开始形成了一个深入映射现实世界的数据化世界，也就是人们所谓的大数据；获取和利用大数据，寻找过去现实世界中所没有的生活方式、社会... ,isbn9787115463173
id,类型,书籍名称,作者,译者,豆瓣评分,出版社,出版日期,评价人数,价格,简介,isbn
753,互联网,更具笔格：网络文案权威指南,【美】Chris Barr（克里斯•巴尔）, 何立、秦蓉、尚松、闫晶 ,, 电子工业出版社 , 2015,10,99.00,互联网文案人员在进行文案创作时，很希望能有可信赖的写作指南，以保证内容精良、准确、有创意，风格标准化、前后一致。《更具笔格：网络文案权威指南》详细讲述了文案... ,isbn9787121262470
754,互联网,策展时代,[日]佐佐木俊尚, 沈泱、沈美华 ,7.0, 中信出版社 , 2015,61,38.00,"广播、电视、报纸，传统媒体没落后，信息如何选择？
签到、点赞、分享，信息爆炸的时代，如何发现新商机？
商家营造“特定体验”的氛围留住消费者，普通人编辑朋友圈... ",isbn9787508653204
755,互联网,智慧城市,安东尼·M.汤森, 赛迪研究院专家组 ,6.9, 中信出版社 , 2014,83,49.00,"""The rousing story of the last gasp of human agency and how today's best and b... ",isbn9787508648194
756,互联网,密战,Joseph Menn, 徐旭铭 ,7.1, 机械工业出版社华章公司 , 2011,17,39.00,"现如今人们在购物时不仅十分注重商品的质量，而且越来越注重其购
物时所感受到的愉悦感与舒适感。因此，商店应该不仅能够提供给顾客购
物的便利，还应该让顾客享受到... ",isbn9787111332657
757,互联网,敏捷软件开发,Robert C. Martin, 邓辉 ,7.7, 清华大学出版社 , 2003,1339,59.00,"互联网时代，越来越多的人希望将自己的隐形财富转变为能够看得见的资产。于是，“变现”一词被广泛地引用。变现的方式多种多样，每一种方式中的应用技巧又各不相同。
... ",isbn9787302071976
758,互联网,用户体验面面观,[美] 库涅夫斯基(Mike Kuniavsky), 汤海 ,6.8, 清华大学出版社 , 2010,191,69.00,《敏捷项目管理系列丛书•PMI-ACPSM考试指定教材•如何构建敏捷项目管理团队:ScrumMaster、敏捷教练与项目经理的实用指南》结合作者的亲身经历告... ,isbn9787302223535
759,互联网,如何构建敏捷项目管理团队,丽萨·阿金斯, 徐蓓蓓、白云峰、刘江华 ,6.3, 电子工业出版社 , 2012,22,49.00,都在说道互联网、说道电子商务、说道移动APP、说道微信、说道互联网金融......我们该如何认识互联网？中小微企业该如何借力互联网？互联网很神秘吗？很高深莫... ,isbn9787121169663
id,类型,书籍名称,作者,译者,豆瓣评分,出版社,出版日期,评价人数,价格,简介,isbn
765,互联网,共享经济没有告诉你的事,[加] 汤姆·斯利（Tom Slee）, 涂颀 ,8.0, 后浪丨江西人民出版社 , 2017,193,38.00,"共享经济热潮中敢冒大不韪的反思之作
互联网+时代的大众求生指南
...................
※编辑推荐※
★ 传统出租车能被优步完美取代吗？空中... ",isbn9787210075219
766,互联网,洞察人心,Steve Portigal, 张振东、蒋晓、戴传庆、孙启玉 ,7.8, 电子工业出版社 , 2015,94,65.00,"目录
第一部分 从零到一说创业
第二部分 创新有腔调
第三部分 安全和隐私：互联网时代的权利运动
第四部分 O2O，让创业者走开？
第五部分 共享经济：光环... ",isbn9787121270321
767,互联网,用户体验多面手,Leah Buley, 新浪微博用户研究与体验设计中心、七印部落 ,7.4, 华中科技大学出版社 , 2014,134,49.90,"媒体推荐
“Every business leader I know worries about the same thing: Are we moving... ",isbn9787568004145
768,互联网,数据驱动设计,[美]罗谢尔·肯（RochelleKing）、[美]伊丽莎白F.邱吉尔（Elizabeth F Churchill）、Caitlin Tan, 傅婕 ,6.2, 机械工业出版社 , 2018,10,69.00,"如何利用网络、社交媒体和传统印刷方式，通过关联且高质量的内容技巧来创造和吸引客户，并以客户喜欢和信任的方式与他们取得联系
如何利用网络、社交媒体和传统印刷方... ",isbn9787111605492
769,互联网,内容营销,索尼娅•杰斐逊 (Sonja Jefferson) )、莎伦•坦顿 (Sharon Tanton), 派力 ,9.8, 企业管理出版社 , 2014,61,50.00,"和第2版相比，本版内容上*大的变化是，从以IA32和x86-64为基础转变为完全以x86-64为基础。主要更新如下：
基于x86-64，大量地重写代码，首次... ",isbn9787516406281
id,类型,书籍名称,作者,译者,豆瓣评分,出版社,出版日期,评价人数,价格,简介,isbn
772,互联网,人本界面,（美）拉斯基, 史元春 ,8.6, 机械工业出版社 , 2011,28,39.00,"Winner of the Pulitzer Prize and the American Book Award, The Soul of a New Ma... ",isbn9787111326830
773,互联网,机器消灭秘密,安迪•格林伯格 (Andy Greenberg), 王崧、王涛、唐禾 ,8.7, 重庆出版社 , 2017,10,49.8,"A refreshing view of technology as a living force in the world.
This provocati... ",isbn9787229121501
id,类型,书籍名称,作者,译者,豆瓣评分,出版社,出版日期,评价人数,价格,简介,isbn
783,互联网,UML基础、案例与应用,施穆勒, 李虎、赵龙刚 ,8.5, 人民邮电出版社 , 2004,61,42.00,本书教读者循序渐进地、系统地学习UML基础知识和应用技术。和前一版相比，本书内容根据UML 2.0进行了补充和更新，随书光盘包含了建模工具Poseidon的... ,isbn9787115123350
784,互联网,Web之困：现代Web应用安全指南,(美)Michal Zalewski, 朱筱丹 ,8.9, 机械工业出版社 , 2013,95,69,《web之困：现代web应用安全指南》在web安全领域有“圣经”的美誉，在世界范围内被安全工作者和web从业人员广为称道，由来自google chrome浏... ,isbn9787111439462
785,互联网,Web性能权威指南,Ilya Grigorik, 李松峰 ,7.5, 人民邮电出版社 , 2013,263,69,本书是谷歌公司高性能团队核心成员的权威之作，堪称实战经验与规范解读完美结合的产物。本书目标是涵盖Web 开发者技术体系中应该掌握的所有网络及性能优化知识。全... ,isbn9787115349101
786,互联网,大数据的冲击,城田真琴, 周自恒 ,9.4, 人民邮电出版社 , 2013,99,49.00,本书是日本最畅销的大数据商业应用指南。书中结合野村综合研究独家披露的调查数据，网罗了美国、日本标杆企业与政府的应用案例，就大数据的商业模式隐私保护、法律框架... ,isbn9787115317872
787,互联网,深入理解ES6,【美】Nicholas C. Zakas, 刘振涛 ,6.7, 电子工业出版社 , 2017,190, 99.00,"罗振宇、丹尼尔•平克、赛斯•高汀、丹•艾瑞里、谢家华、阿里安娜•赫芬顿强烈推荐！
美国亚马逊2013年年度商业&投资类图书榜前20名！
互联网时代五大剧变让... ",isbn9787121317989
788,互联网,重启,米奇•乔尔, 曲强 ,7.6, 中信出版社 , 2014,66,45.00,Will cyberanarchy rule the net? And if we do find a way to regulate our cyberl... ,isbn9787508645520
789,互联网,众妙之门,Smashing Magazine, 贾云龙、王士强 ,7.8, 人民邮电出版社 , 2010,337,55.00,跨境电商作为中国电子商务发展的最新趋势，受到了全社会越来越多的重视，大量中国卖家借助阿里巴巴速卖通平台，将产品直接售卖到全球的消费者手中，通过这条短得不能再... ,isbn9787115236678
790,互联网,产品故事地图,唐娜·理查（Donna Lichaw）, 向振东 ,4.8, 机械工业出版社 , 2017,42,49.9,为什么百老汇剧场里价格越高的位置卖得越火？为什么100万美元带来的愉悦感，400万美元才能让它翻倍？为什么议价时，一定要抢先报价，而且一定要“狮子大开口”？... ,isbn9787111567981
791,互联网,无价,威廉·庞德斯通 (William Poundstone), 闾佳 ,7.8, 浙江人民出版社 , 2013,326, 49.90,"深入剖析网红经济的商业模式和整体产业链！
正在崛起的网红经济，打造出多元化的盈利模式，催生了众多新兴的产业投资机会，成为移动互联网时候的资本新风口 ",isbn9787213056796
id,类型,书籍名称,作者,译者,豆瓣评分,出版社,出版日期,评价人数,价格,简介,isbn
800,互联网,重构（第2版）全彩精装版,Martin Fowler, 熊节、林从羽 ,9.1, 人民邮电出版社 , 2019,41,168,"1. 世界级软件开发大师的不朽经典
2. 生动阐述重构原理和具体做法
3. 普通程序员进阶到编程高手必须修炼的秘笈
重构，一言以蔽之，就是在不改变外部行为的... ",isbn9787115508645
801,互联网,设计心理学,[美]唐纳德·A·诺曼, 梅琼 ,8.1, 中信出版社 , 2010,2869,30.00,诺曼博士用诙谐的语言讲述了许多我们日常生活中常常会遇到的挫折和危险，帮我们找到了这些问题的关键，即产品设计忽略了使用者在一定情境中的真实需求，甚至违背了认知... ,isbn9787508619156
802,互联网,自顶向下网络设计,Priscilla Oppenheimer、胡捷、毛拥华, 胡捷、毛拥华 ,8.1, 人民邮电出版社 , 2005,10,49.0,"《图解CIO工作指南（第4版）》是一本实务手册，系统介绍了企业运用IT手段提高竞争力所必需的管理方法和实践经验，主要面向CEO或CIO等企业管理人士。
《图... ",isbn9787115130075
803,互联网,图解CIO工作指南（第4版）,［日］ 野村综合研究所系统咨询事业本部, 周自恒 ,5.1, 人民邮电出版社 , 2014,55,39.00,《程序员在囧途》通过幽默有趣的故事，潜移默化地把技术开发、程序员求职、项目管理、创业思路、软件行业商业运作、职业转型、自我修养等各个方面融合在一起，让读者在... ,isbn9787115346490
804,互联网,碎片化时代,[澳]史蒂夫·山姆马提诺（Steve Sammartino）, 陶丽萍 ,8.7, 中国人民大学出版社 , 2015,29,65.00,"家事界暢銷參考書籍
各大媒體一致盛讚
亞馬遜讀者四星半高度評鑑
誠品、博客來、香港誠品  三選書
家務界經典暢銷書│各大媒體一致盛讚│讀者四星半高度評鑑
「... ",isbn9787300215419
805,互联网,家事的撫慰（下冊）,Cheryl Mendelson, 甘錫安 ,8.6, 大家出版社 , 2014,66,520,The Internet in China provides much-needed historical background on the commun... ,isbn9789866179686
806,互联网,创新者的基因,克莱顿·克里斯坦森, 曾佳宁 ,8.0, 中信出版社 , 2013,368,49.00,"畅销书《互联网金融》《数字货币》作者李钧，首次采用""需求——矛盾——拐点”这一分析方法，对互联网相关的新经济、新金融、新技术进行了深入探讨。全书聚焦新经济、... ",isbn9787508637839
807,互联网,反枯燥,亚当·L.潘恩伯格 (Adam L.Penenberg), 陈丽娜 ,8.5, 四川人民出版社 , 2015,43,36.80,"Book Description 
""The Long Tail"" is a powerful new force in our economy: the ... ",isbn9787220093197
id,类型,书籍名称,作者,译者,豆瓣评分,出版社,出版日期,评价人数,价格,简介,isbn
814,互联网,妙手回春,(美)Steve Krug, 袁国忠 ,7.6, 人民邮电出版社 , 2010,199,39.00,本书是作者Steve Krug继畅销书《点石成金：访客至上的网页设计秘笈》(Don't Make Me Think)后推出的又一力作。多年来，人们就认识到网... ,isbn9787115225252
815,互联网,活着就为改变世界,[美] 杰弗里·扬、威廉·西蒙, 蒋永军 ,7.1, 中信出版社 , 2010,2733,39.00,"内容简介
苹果公司CEO史蒂夫•乔布斯这个一直活在自己想象的世界里的创业奇才，经历过各种挫折与失落，但他那无所畏惧、敢于承担的个性让他一直努力实践着自己的价... ",isbn9787508620824
816,互联网,创业头条,[美]兰德尔•莱恩（Randall Lane）及《福布斯》杂志编辑部, 孙莹莹 ,6.7, 浙江人民出版社 , 2015,103,54.90,"[内容简介]
全民创业的浪潮中，如何抓住共享经济带来的机遇？没有营收模式还一直烧钱的公司，如何赢得投资人的青睐？一轮死、二轮死、N轮死的魔咒下，怎样才能成... ",isbn9787213067501
817,互联网,Java核心技术·卷,[美] 凯.S.霍斯特曼（Cay S. Horstmann）, 周立新 等 ,8.0, 机械工业出版社 , 2016,249, 119.00,Java领域最有影响力和价值的著作之一，由拥有20多年教学与研究经验的资深Java技术专家撰写(获Jolt大奖)，与《Java编程思想》齐名，10余年全球畅... ,isbn9787111547426
818,互联网,社交天性,[美] 马修·利伯曼（Matthew D. Lieberman）, 贾拥民 ,8.0, 浙江人民出版社 , 2016,508,69.90,"[内容简介]
●	《社交天性》是社会心理学家马修·利伯曼解读人类“社会脑”的权威之作，它告诉我们为什么在充满合作与竞争的智慧社会中人们喜爱社交又相互连接，个... ",isbn9787213072864
819,互联网,第三次浪潮,[美]阿尔文·托夫勒, 黄明坚 ,6.6, 中信出版集团 , 2018,43,79.00,本书主要包括计算广告学的理论构建和前沿问题两大主体部分，理论创新指导产业前沿不断发展，应用创新不断归纳升华为基本理论。在这一整体框架下，每一主题部分又由数个... ,isbn9787508685069
id,类型,书籍名称,作者,译者,豆瓣评分,出版社,出版日期,评价人数,价格,简介,isbn
825,互联网,去中心化应用,[美] Siraj Raval, 吴海星 ,7.8, 人民邮电出版社 , 2018,10,39.00,《实例化需求：团队如何交付正确的软件》是在世界各地调查了多个团队软件交付过程后的经验总结。《实例化需求：团队如何交付正确的软件》介绍了这些团队如何在很短的周... ,isbn9787115479303
826,互联网,实例化需求,Gojko Adzic, 张昌贵、张博超、石永超 ,7.9, 人民邮电出版社 , 2012,97,49.00,可用性或易用性是软件或Web设计师的重要设计目标之一。本书深入阐述了如何设计出简单易用的基于Web的软件，以帮助读者理解、掌握显性设计的精髓。作者从软件开发... ,isbn9787115290267
827,互联网,一目了然,"Robert Hoekman, Jr.", 段江玲 ,7.0, 机械工业出版社华章公司 , 2012,78,59.00,《年入10万：17岁草根少年的网赚实战》以一个17岁的在校大学生的真实故事为大家讲述草根少年的网络赚钱之旅。随着网络的普及以及网上应用的日益增多，要在网络上... ,isbn9787111374664
828,互联网,谣言,（美）桑斯坦, 张楠迪扬 ,6.5, 中信出版社 , 2010,322,30.00,"这是一本探讨互联网产品设计与管理的观念、意识、方法与思想的著作。
通过本书，你将领略到互联网产品设计与管理的本质与精髓，成为一名卓越的产品人。
是什么成就了... ",isbn9787508623153
829,互联网,超越CSS,Andy Clarke, 谭振林 ,7.9, 人民邮电出版社 , 2007 ,441,69.00,《CDN技术详解》内容包括CDN技术的发展历程、关键技术、商业化服务现状，以及对未来的发展展望，对构成CDN系统的关键功能模块GSLB、SLB、Cache进... ,isbn9787115169280
id,类型,书籍名称,作者,译者,豆瓣评分,出版社,出版日期,评价人数,价格,简介,isbn
839,互联网,深度模仿,[日] 井上达彦, 兴远 ,6.7, 后浪 丨 江西人民出版社 , 2017,82,38.00,"深度模仿即是深度学习
发掘人工智能时代的创新基因
...................
※编辑推荐※
☆一部让日本实现从”Copycat”（山寨鼻祖）到创... ",isbn9787210094999
840,互联网,编译原理,Alfred V. Aho、Monica S.Lam、Ravi Sethi、Jeffrey D. Ullman, 赵建华、郑滔、戴新宇 ,9.1, 机械工业出版社 , 2008年12月 ,842,89.00,本书全面、深入地探讨了编译器设计方面的重要主题，包括词法分析、语法分析、语法制导定义和语法制导翻译、运行时刻环境、目标代码生成、代码优化技术、并行性检测以及... ,isbn9787111251217
841,互联网,维基政府,贝丝·西蒙·诺维克, 李忠军、于卉芹、李晶 ,7.2, 新华出版社 , 2010,15,45.00,《维基政府:运用互联网技术提高政府管理能力》为数字时代的民主政治提供了一种彻底的重新思考。贝丝·西蒙·诺维克通过讲述她创建美国联邦政府的第一个社会网络革新办... ,isbn9787501194162
842,互联网,让云落地,【美】Michael J. Kavis（迈克尔 J.凯维斯） 著, 陈志伟、辛敏 ,7.8, 电子工业出版社 , 2016,67,65.00,云计算落地已成事实。从前几年的概念普及，到如今越来越多的企业将业务迁移至云上，云计算正在改变整个社会的信息资源使用观念和方式。云计算还在不断成长，技术细节也... ,isbn9787121277382
843,互联网,粘住,[美] 奇普·希思、[美] 丹·希思, 雷静 ,7.7, 中信出版社 , 2010,1112,29.00,很多人相信能在太空中看到万里长城，很多人深信可乐能腐蚀人的骨骼，但是，只要我们稍加思考就会明白这些都是无稽之谈。为什么这些荒谬的结论能深深印在我们脑海，并且... ,isbn9787508618654
844,互联网,未来工作,(美) 泰勒· 皮尔逊, 王晓鹂 ,8.8, 中信出版社 , 2018,65,49.00,"技术革命和互联网的深入发展，让个体价值凸显，创业经济时代正在来临。靠出卖工作时间来获取收入，不但低效，而且存在巨大风险。
如果你以为未来找一份安身立命的工作... ",isbn9787508688657
845,互联网,大数据之眼,［德］尤夫娜·霍夫施泰特, 陈巍 ,7.7, 浙江文艺出版社 , 2018,18,68.00,"德国狂销10万册的大数据商业应用畅销书，经典之作《大数据时代》的姊妹篇。
该书在德语国家促发了一场关于大数据，人工智能与人的关系建构的大讨论。
德国大数据与... ",isbn9787533950880
846,互联网,写给大家看的搜索引擎营销书,Heather Lutze, 魏勇鹏 ,8.4, 人民邮电出版社 , 201008 ,22,39.00,"小小的搜索引擎，可以成为你从事网络营销的利器。如果你还没有意识到这一点，或者还不知道从何下手，请打开这本书吧！
本书作者在搜索引擎营销方面已有十多年的经验，... ",isbn9787115233868
847,互联网,大教堂与集市,[美] Eric S. Raymond, 卫剑钒 ,6.5, 机械工业出版社 , 2014,706,59.00,"当代软件技术领域最重要的著作，中文版首次出版！
《大教堂与集市》是开源运动的《圣经》，颠覆了传统的软件开发思路，影响了整个软件开发领域。作者Eric S. ... ",isbn9787111452478
id,类型,书籍名称,作者,译者,豆瓣评分,出版社,出版日期,评价人数,价格,简介,isbn
id,类型,书籍名称,作者,译者,豆瓣评分,出版社,出版日期,评价人数,价格,简介,isbn
id,类型,书籍名称,作者,译者,豆瓣评分,出版社,出版日期,评价人数,价格,简介,isbn
id,类型,书籍名称,作者,译者,豆瓣评分,出版社,出版日期,评价人数,价格,简介,isbn
id,类型,书籍名称,作者,译者,豆瓣评分,出版社,出版日期,评价人数,价格,简介,isbn
id,类型,书籍名称,作者,译者,豆瓣评分,出版社,出版日期,评价人数,价格,简介,isbn
id,类型,书籍名称,作者,译者,豆瓣评分,出版社,出版日期,评价人数,价格,简介,isbn
id,类型,书籍名称,作者,译者,豆瓣评分,出版社,出版日期,评价人数,价格,简介,isbn
id,类型,书籍名称,作者,译者,豆瓣评分,出版社,出版日期,评价人数,价格,简介,isbn
id,类型,书籍名称,作者,译者,豆瓣评分,出版社,出版日期,评价人数,价格,简介,isbn
id,类型,书籍名称,作者,译者,豆瓣评分,出版社,出版日期,评价人数,价格,简介,isbn
id,类型,书籍名称,作者,译者,豆瓣评分,出版社,出版日期,评价人数,价格,简介,isbn
id,类型,书籍名称,作者,译者,豆瓣评分,出版社,出版日期,评价人数,价格,简介,isbn
id,类型,书籍名称,作者,译者,豆瓣评分,出版社,出版日期,评价人数,价格,简介,isbn
id,类型,书籍名称,作者,译者,豆瓣评分,出版社,出版日期,评价人数,价格,简介,isbn
id,类型,书籍名称,作者,译者,豆瓣评分,出版社,出版日期,评价人数,价格,简介,isbn
id,类型,书籍名称,作者,译者,豆瓣评分,出版社,出版日期,评价人数,价格,简介,isbn
id,类型,书籍名称,作者,译者,豆瓣评分,出版社,出版日期,评价人数,价格,简介,isbn
id,类型,书籍名称,作者,译者,豆瓣评分,出版社,出版日期,评价人数,价格,简介,isbn
id,类型,书籍名称,作者,译者,豆瓣评分,出版社,出版日期,评价人数,价格,简介,isbn
id,类型,书籍名称,作者,译者,豆瓣评分,出版社,出版日期,评价人数,价格,简介,isbn
id,类型,书籍名称,作者,译者,豆瓣评分,出版社,出版日期,评价人数,价格,简介,isbn
id,类型,书籍名称,作者,译者,豆瓣评分,出版社,出版日期,评价人数,价格,简介,isbn
id,类型,书籍名称,作者,译者,豆瓣评分,出版社,出版日期,评价人数,价格,简介,isbn
id,类型,书籍名称,作者,译者,豆瓣评分,出版社,出版日期,评价人数,价格,简介,isbn
id,类型,书籍名称,作者,译者,豆瓣评分,出版社,出版日期,评价人数,价格,简介,isbn
id,类型,书籍名称,作者,译者,豆瓣评分,出版社,出版日期,评价人数,价格,简介,isbn
id,类型,书籍名称,作者,译者,豆瓣评分,出版社,出版日期,评价人数,价格,简介,isbn
id,类型,书籍名称,作者,译者,豆瓣评分,出版社,出版日期,评价人数,价格,简介,isbn
id,类型,书籍名称,作者,译者,豆瓣评分,出版社,出版日期,评价人数,价格,简介,isbn
id,类型,书籍名称,作者,译者,豆瓣评分,出版社,出版日期,评价人数,价格,简介,isbn
id,类型,书籍名称,作者,译者,豆瓣评分,出版社,出版日期,评价人数,价格,简介,isbn
id,类型,书籍名称,作者,译者,豆瓣评分,出版社,出版日期,评价人数,价格,简介,isbn
id,类型,书籍名称,作者,译者,豆瓣评分,出版社,出版日期,评价人数,价格,简介,isbn
id,类型,书籍名称,作者,译者,豆瓣评分,出版社,出版日期,评价人数,价格,简介,isbn
id,类型,书籍名称,作者,译者,豆瓣评分,出版社,出版日期,评价人数,价格,简介,isbn
id,类型,书籍名称,作者,译者,豆瓣评分,出版社,出版日期,评价人数,价格,简介,isbn
id,类型,书籍名称,作者,译者,豆瓣评分,出版社,出版日期,评价人数,价格,简介,isbn
id,类型,书籍名称,作者,译者,豆瓣评分,出版社,出版日期,评价人数,价格,简介,isbn
id,类型,书籍名称,作者,译者,豆瓣评分,出版社,出版日期,评价人数,价格,简介,isbn
id,类型,书籍名称,作者,译者,豆瓣评分,出版社,出版日期,评价人数,价格,简介,isbn
id,类型,书籍名称,作者,译者,豆瓣评分,出版社,出版日期,评价人数,价格,简介,isbn
id,类型,书籍名称,作者,译者,豆瓣评分,出版社,出版日期,评价人数,价格,简介,isbn
id,类型,书籍名称,作者,译者,豆瓣评分,出版社,出版日期,评价人数,价格,简介,isbn
id,类型,书籍名称,作者,译者,豆瓣评分,出版社,出版日期,评价人数,价格,简介,isbn
id,类型,书籍名称,作者,译者,豆瓣评分,出版社,出版日期,评价人数,价格,简介,isbn
id,类型,书籍名称,作者,译者,豆瓣评分,出版社,出版日期,评价人数,价格,简介,isbn
id,类型,书籍名称,作者,译者,豆瓣评分,出版社,出版日期,评价人数,价格,简介,isbn
id,类型,书籍名称,作者,译者,豆瓣评分,出版社,出版日期,评价人数,价格,简介,isbn
id,类型,书籍名称,作者,译者,豆瓣评分,出版社,出版日期,评价人数,价格,简介,isbn
id,类型,书籍名称,作者,译者,豆瓣评分,出版社,出版日期,评价人数,价格,简介,isbn
id,类型,书籍名称,作者,译者,豆瓣评分,出版社,出版日期,评价人数,价格,简介,isbn
id,类型,书籍名称,作者,译者,豆瓣评分,出版社,出版日期,评价人数,价格,简介,isbn
id,类型,书籍名称,作者,译者,豆瓣评分,出版社,出版日期,评价人数,价格,简介,isbn
id,类型,书籍名称,作者,译者,豆瓣评分,出版社,出版日期,评价人数,价格,简介,isbn
id,类型,书籍名称,作者,译者,豆瓣评分,出版社,出版日期,评价人数,价格,简介,isbn
id,类型,书籍名称,作者,译者,豆瓣评分,出版社,出版日期,评价人数,价格,简介,isbn
id,类型,书籍名称,作者,译者,豆瓣评分,出版社,出版日期,评价人数,价格,简介,isbn
id,类型,书籍名称,作者,译者,豆瓣评分,出版社,出版日期,评价人数,价格,简介,isbn
id,类型,书籍名称,作者,译者,豆瓣评分,出版社,出版日期,评价人数,价格,简介,isbn
id,类型,书籍名称,作者,译者,豆瓣评分,出版社,出版日期,评价人数,价格,简介,isbn
id,类型,书籍名称,作者,译者,豆瓣评分,出版社,出版日期,评价人数,价格,简介,isbn
id,类型,书籍名称,作者,译者,豆瓣评分,出版社,出版日期,评价人数,价格,简介,isbn
id,类型,书籍名称,作者,译者,豆瓣评分,出版社,出版日期,评价人数,价格,简介,isbn
id,类型,书籍名称,作者,译者,豆瓣评分,出版社,出版日期,评价人数,价格,简介,isbn
id,类型,书籍名称,作者,译者,豆瓣评分,出版社,出版日期,评价人数,价格,简介,isbn
id,类型,书籍名称,作者,译者,豆瓣评分,出版社,出版日期,评价人数,价格,简介,isbn
id,类型,书籍名称,作者,译者,豆瓣评分,出版社,出版日期,评价人数,价格,简介,isbn
id,类型,书籍名称,作者,译者,豆瓣评分,出版社,出版日期,评价人数,价格,简介,isbn
id,类型,书籍名称,作者,译者,豆瓣评分,出版社,出版日期,评价人数,价格,简介,isbn
id,类型,书籍名称,作者,译者,豆瓣评分,出版社,出版日期,评价人数,价格,简介,isbn
id,类型,书籍名称,作者,译者,豆瓣评分,出版社,出版日期,评价人数,价格,简介,isbn
id,类型,书籍名称,作者,译者,豆瓣评分,出版社,出版日期,评价人数,价格,简介,isbn
id,类型,书籍名称,作者,译者,豆瓣评分,出版社,出版日期,评价人数,价格,简介,isbn
id,类型,书籍名称,作者,译者,豆瓣评分,出版社,出版日期,评价人数,价格,简介,isbn
id,类型,书籍名称,作者,译者,豆瓣评分,出版社,出版日期,评价人数,价格,简介,isbn
id,类型,书籍名称,作者,译者,豆瓣评分,出版社,出版日期,评价人数,价格,简介,isbn
id,类型,书籍名称,作者,译者,豆瓣评分,出版社,出版日期,评价人数,价格,简介,isbn
id,类型,书籍名称,作者,译者,豆瓣评分,出版社,出版日期,评价人数,价格,简介,isbn
id,类型,书籍名称,作者,译者,豆瓣评分,出版社,出版日期,评价人数,价格,简介,isbn
id,类型,书籍名称,作者,译者,豆瓣评分,出版社,出版日期,评价人数,价格,简介,isbn
id,类型,书籍名称,作者,译者,豆瓣评分,出版社,出版日期,评价人数,价格,简介,isbn
id,类型,书籍名称,作者,译者,豆瓣评分,出版社,出版日期,评价人数,价格,简介,isbn
id,类型,书籍名称,作者,译者,豆瓣评分,出版社,出版日期,评价人数,价格,简介,isbn
id,类型,书籍名称,作者,译者,豆瓣评分,出版社,出版日期,评价人数,价格,简介,isbn
id,类型,书籍名称,作者,译者,豆瓣评分,出版社,出版日期,评价人数,价格,简介,isbn
id,类型,书籍名称,作者,译者,豆瓣评分,出版社,出版日期,评价人数,价格,简介,isbn
id,类型,书籍名称,作者,译者,豆瓣评分,出版社,出版日期,评价人数,价格,简介,isbn
id,类型,书籍名称,作者,译者,豆瓣评分,出版社,出版日期,评价人数,价格,简介,isbn
id,类型,书籍名称,作者,译者,豆瓣评分,出版社,出版日期,评价人数,价格,简介,isbn
id,类型,书籍名称,作者,译者,豆瓣评分,出版社,出版日期,评价人数,价格,简介,isbn
id,类型,书籍名称,作者,译者,豆瓣评分,出版社,出版日期,评价人数,价格,简介,isbn
id,类型,书籍名称,作者,译者,豆瓣评分,出版社,出版日期,评价人数,价格,简介,isbn
id,类型,书籍名称,作者,译者,豆瓣评分,出版社,出版日期,评价人数,价格,简介,isbn
id,类型,书籍名称,作者,译者,豆瓣评分,出版社,出版日期,评价人数,价格,简介,isbn
id,类型,书籍名称,作者,译者,豆瓣评分,出版社,出版日期,评价人数,价格,简介,isbn
id,类型,书籍名称,作者,译者,豆瓣评分,出版社,出版日期,评价人数,价格,简介,isbn
id,类型,书籍名称,作者,译者,豆瓣评分,出版社,出版日期,评价人数,价格,简介,isbn
id,类型,书籍名称,作者,译者,豆瓣评分,出版社,出版日期,评价人数,价格,简介,isbn
id,类型,书籍名称,作者,译者,豆瓣评分,出版社,出版日期,评价人数,价格,简介,isbn
id,类型,书籍名称,作者,译者,豆瓣评分,出版社,出版日期,评价人数,价格,简介,isbn
id,类型,书籍名称,作者,译者,豆瓣评分,出版社,出版日期,评价人数,价格,简介,isbn
id,类型,书籍名称,作者,译者,豆瓣评分,出版社,出版日期,评价人数,价格,简介,isbn
id,类型,书籍名称,作者,译者,豆瓣评分,出版社,出版日期,评价人数,价格,简介,isbn
id,类型,书籍名称,作者,译者,豆瓣评分,出版社,出版日期,评价人数,价格,简介,isbn
id,类型,书籍名称,作者,译者,豆瓣评分,出版社,出版日期,评价人数,价格,简介,isbn
id,类型,书籍名称,作者,译者,豆瓣评分,出版社,出版日期,评价人数,价格,简介,isbn
id,类型,书籍名称,作者,译者,豆瓣评分,出版社,出版日期,评价人数,价格,简介,isbn
id,类型,书籍名称,作者,译者,豆瓣评分,出版社,出版日期,评价人数,价格,简介,isbn
id,类型,书籍名称,作者,译者,豆瓣评分,出版社,出版日期,评价人数,价格,简介,isbn
id,类型,书籍名称,作者,译者,豆瓣评分,出版社,出版日期,评价人数,价格,简介,isbn
id,类型,书籍名称,作者,译者,豆瓣评分,出版社,出版日期,评价人数,价格,简介,isbn
id,类型,书籍名称,作者,译者,豆瓣评分,出版社,出版日期,评价人数,价格,简介,isbn
id,类型,书籍名称,作者,译者,豆瓣评分,出版社,出版日期,评价人数,价格,简介,isbn
id,类型,书籍名称,作者,译者,豆瓣评分,出版社,出版日期,评价人数,价格,简介,isbn
id,类型,书籍名称,作者,译者,豆瓣评分,出版社,出版日期,评价人数,价格,简介,isbn
id,类型,书籍名称,作者,译者,豆瓣评分,出版社,出版日期,评价人数,价格,简介,isbn
id,类型,书籍名称,作者,译者,豆瓣评分,出版社,出版日期,评价人数,价格,简介,isbn
id,类型,书籍名称,作者,译者,豆瓣评分,出版社,出版日期,评价人数,价格,简介,isbn
id,类型,书籍名称,作者,译者,豆瓣评分,出版社,出版日期,评价人数,价格,简介,isbn
id,类型,书籍名称,作者,译者,豆瓣评分,出版社,出版日期,评价人数,价格,简介,isbn
id,类型,书籍名称,作者,译者,豆瓣评分,出版社,出版日期,评价人数,价格,简介,isbn
id,类型,书籍名称,作者,译者,豆瓣评分,出版社,出版日期,评价人数,价格,简介,isbn
id,类型,书籍名称,作者,译者,豆瓣评分,出版社,出版日期,评价人数,价格,简介,isbn
id,类型,书籍名称,作者,译者,豆瓣评分,出版社,出版日期,评价人数,价格,简介,isbn
id,类型,书籍名称,作者,译者,豆瓣评分,出版社,出版日期,评价人数,价格,简介,isbn
id,类型,书籍名称,作者,译者,豆瓣评分,出版社,出版日期,评价人数,价格,简介,isbn
id,类型,书籍名称,作者,译者,豆瓣评分,出版社,出版日期,评价人数,价格,简介,isbn
id,类型,书籍名称,作者,译者,豆瓣评分,出版社,出版日期,评价人数,价格,简介,isbn
id,类型,书籍名称,作者,译者,豆瓣评分,出版社,出版日期,评价人数,价格,简介,isbn
id,类型,书籍名称,作者,译者,豆瓣评分,出版社,出版日期,评价人数,价格,简介,isbn
id,类型,书籍名称,作者,译者,豆瓣评分,出版社,出版日期,评价人数,价格,简介,isbn
id,类型,书籍名称,作者,译者,豆瓣评分,出版社,出版日期,评价人数,价格,简介,isbn
id,类型,书籍名称,作者,译者,豆瓣评分,出版社,出版日期,评价人数,价格,简介,isbn
id,类型,书籍名称,作者,译者,豆瓣评分,出版社,出版日期,评价人数,价格,简介,isbn
id,类型,书籍名称,作者,译者,豆瓣评分,出版社,出版日期,评价人数,价格,简介,isbn
id,类型,书籍名称,作者,译者,豆瓣评分,出版社,出版日期,评价人数,价格,简介,isbn
id,类型,书籍名称,作者,译者,豆瓣评分,出版社,出版日期,评价人数,价格,简介,isbn
id,类型,书籍名称,作者,译者,豆瓣评分,出版社,出版日期,评价人数,价格,简介,isbn
id,类型,书籍名称,作者,译者,豆瓣评分,出版社,出版日期,评价人数,价格,简介,isbn
id,类型,书籍名称,作者,译者,豆瓣评分,出版社,出版日期,评价人数,价格,简介,isbn
id,类型,书籍名称,作者,译者,豆瓣评分,出版社,出版日期,评价人数,价格,简介,isbn
id,类型,书籍名称,作者,译者,豆瓣评分,出版社,出版日期,评价人数,价格,简介,isbn
id,类型,书籍名称,作者,译者,豆瓣评分,出版社,出版日期,评价人数,价格,简介,isbn
id,类型,书籍名称,作者,译者,豆瓣评分,出版社,出版日期,评价人数,价格,简介,isbn
id,类型,书籍名称,作者,译者,豆瓣评分,出版社,出版日期,评价人数,价格,简介,isbn
id,类型,书籍名称,作者,译者,豆瓣评分,出版社,出版日期,评价人数,价格,简介,isbn
id,类型,书籍名称,作者,译者,豆瓣评分,出版社,出版日期,评价人数,价格,简介,isbn
id,类型,书籍名称,作者,译者,豆瓣评分,出版社,出版日期,评价人数,价格,简介,isbn
id,类型,书籍名称,作者,译者,豆瓣评分,出版社,出版日期,评价人数,价格,简介,isbn
id,类型,书籍名称,作者,译者,豆瓣评分,出版社,出版日期,评价人数,价格,简介,isbn
id,类型,书籍名称,作者,译者,豆瓣评分,出版社,出版日期,评价人数,价格,简介,isbn
id,类型,书籍名称,作者,译者,豆瓣评分,出版社,出版日期,评价人数,价格,简介,isbn
id,类型,书籍名称,作者,译者,豆瓣评分,出版社,出版日期,评价人数,价格,简介,isbn
id,类型,书籍名称,作者,译者,豆瓣评分,出版社,出版日期,评价人数,价格,简介,isbn
id,类型,书籍名称,作者,译者,豆瓣评分,出版社,出版日期,评价人数,价格,简介,isbn
id,类型,书籍名称,作者,译者,豆瓣评分,出版社,出版日期,评价人数,价格,简介,isbn
id,类型,书籍名称,作者,译者,豆瓣评分,出版社,出版日期,评价人数,价格,简介,isbn
id,类型,书籍名称,作者,译者,豆瓣评分,出版社,出版日期,评价人数,价格,简介,isbn
id,类型,书籍名称,作者,译者,豆瓣评分,出版社,出版日期,评价人数,价格,简介,isbn
id,类型,书籍名称,作者,译者,豆瓣评分,出版社,出版日期,评价人数,价格,简介,isbn
id,类型,书籍名称,作者,译者,豆瓣评分,出版社,出版日期,评价人数,价格,简介,isbn
id,类型,书籍名称,作者,译者,豆瓣评分,出版社,出版日期,评价人数,价格,简介,isbn
id,类型,书籍名称,作者,译者,豆瓣评分,出版社,出版日期,评价人数,价格,简介,isbn
id,类型,书籍名称,作者,译者,豆瓣评分,出版社,出版日期,评价人数,价格,简介,isbn
id,类型,书籍名称,作者,译者,豆瓣评分,出版社,出版日期,评价人数,价格,简介,isbn
id,类型,书籍名称,作者,译者,豆瓣评分,出版社,出版日期,评价人数,价格,简介,isbn
id,类型,书籍名称,作者,译者,豆瓣评分,出版社,出版日期,评价人数,价格,简介,isbn
id,类型,书籍名称,作者,译者,豆瓣评分,出版社,出版日期,评价人数,价格,简介,isbn
id,类型,书籍名称,作者,译者,豆瓣评分,出版社,出版日期,评价人数,价格,简介,isbn
id,类型,书籍名称,作者,译者,豆瓣评分,出版社,出版日期,评价人数,价格,简介,isbn
id,类型,书籍名称,作者,译者,豆瓣评分,出版社,出版日期,评价人数,价格,简介,isbn
id,类型,书籍名称,作者,译者,豆瓣评分,出版社,出版日期,评价人数,价格,简介,isbn
id,类型,书籍名称,作者,译者,豆瓣评分,出版社,出版日期,评价人数,价格,简介,isbn
